number_of_traces,Trapezoid 0,Polynomial 0,Relation 0,Trapezoid 1,Polynomial 1,Relation 1,Trapezoid 2,Polynomial 2,Relation 2,Trapezoid 3,Polynomial 3,Relation 3,Trapezoid 4,Polynomial 4,Relation 4,Trapezoid 5,Polynomial 5,Relation 5,Trapezoid 6,Polynomial 6,Relation 6,Trapezoid 7,Polynomial 7,Relation 7,Trapezoid 8,Polynomial 8,Relation 8,Trapezoid 9,Polynomial 9,Relation 9,Trapezoid 10,Polynomial 10,Relation 10,Trapezoid 11,Polynomial 11,Relation 11,Trapezoid 12,Polynomial 12,Relation 12,Trapezoid 13,Polynomial 13,Relation 13,Trapezoid 14,Polynomial 14,Relation 14,Trapezoid 15,Polynomial 15,Relation 15,Trapezoid 16,Polynomial 16,Relation 16,Trapezoid 17,Polynomial 17,Relation 17,Trapezoid 18,Polynomial 18,Relation 18,Trapezoid 19,Polynomial 19,Relation 19,Trapezoid 20,Polynomial 20,Relation 20,Trapezoid 21,Polynomial 21,Relation 21,Trapezoid 22,Polynomial 22,Relation 22,Trapezoid 23,Polynomial 23,Relation 23,Trapezoid 24,Polynomial 24,Relation 24
50,0.01996612548828125,0.08600163459777832,0.08503150939941406,0.017003774642944336,0.04821133613586426,0.06821990013122559,0.01796102523803711,0.047240495681762695,0.07141566276550293,0.018033266067504883,0.05000162124633789,0.07996225357055664,0.016199350357055664,0.04843735694885254,0.06900334358215332,0.017958879470825195,0.05182385444641113,0.07058525085449219,0.025970935821533203,0.05719280242919922,0.07104086875915527,0.022126197814941406,0.04823946952819824,0.07039737701416016,0.018004417419433594,0.049959659576416016,0.06824541091918945,0.01731133460998535,0.051169633865356445,0.07325506210327148,0.016351699829101562,0.05124473571777344,0.07520771026611328,0.0330045223236084,0.1049957275390625,0.10119867324829102,0.027179718017578125,0.10238480567932129,0.13100266456604004,0.030208349227905273,0.10037779808044434,0.1243278980255127,0.019995689392089844,0.050171613693237305,0.06917428970336914,0.01812434196472168,0.0492095947265625,0.07129979133605957,0.023166894912719727,0.06399393081665039,0.11899375915527344,0.017035484313964844,0.045323848724365234,0.06898784637451172,0.016008615493774414,0.04714012145996094,0.07303977012634277,0.03699946403503418,0.10699748992919922,0.12117147445678711,0.021161556243896484,0.07117199897766113,0.11228799819946289,0.02700042724609375,0.06917023658752441,0.09435749053955078,0.031160593032836914,0.08916330337524414,0.1263749599456787,0.025992393493652344,0.0884242057800293,0.1442883014678955,0.02100348472595215,0.06432104110717773,0.08310556411743164
53,0.02100205421447754,0.5180635452270508,1.1910183429718018,0.015999794006347656,0.04699397087097168,0.07996010780334473,0.018046855926513672,0.047228336334228516,0.07447481155395508,0.018003225326538086,0.046231746673583984,0.07599782943725586,0.02225351333618164,0.05919361114501953,0.08627176284790039,0.017598390579223633,0.046000003814697266,0.07930827140808105,0.017998933792114258,0.05267667770385742,0.08033466339111328,0.01600050926208496,0.042963266372680664,0.07527947425842285,0.016230106353759766,0.04913806915283203,0.07701873779296875,0.01600050926208496,0.04628562927246094,0.07420063018798828,0.020136594772338867,0.05299878120422363,0.0820012092590332,0.021004438400268555,0.060172319412231445,0.09722256660461426,0.032181501388549805,0.07499837875366211,0.11715245246887207,0.021998167037963867,0.07600069046020508,0.11432671546936035,0.017186403274536133,0.044213056564331055,0.07700014114379883,0.019168376922607422,0.04699873924255371,0.08318638801574707,0.02924513816833496,0.059001922607421875,0.0751349925994873,0.015999555587768555,0.05014801025390625,0.0780019760131836,0.01799941062927246,0.048204660415649414,0.07515549659729004,0.029996633529663086,0.10000109672546387,0.13256311416625977,0.029000043869018555,0.06315135955810547,0.11646151542663574,0.02599620819091797,0.08913803100585938,0.09240317344665527,0.03000164031982422,0.07636404037475586,0.10835599899291992,0.03500080108642578,0.08721470832824707,0.13135528564453125,0.0192110538482666,0.056136131286621094,0.0962977409362793
55,0.12916159629821777,0.4792191982269287,0.3259704113006592,0.017037391662597656,0.05396151542663574,0.08100152015686035,0.017002105712890625,0.047193050384521484,0.07456231117248535,0.016196489334106445,0.062143802642822266,0.08411502838134766,0.019116640090942383,0.05913138389587402,0.0801553726196289,0.01900029182434082,0.04976534843444824,0.07720160484313965,0.01600050926208496,0.04816865921020508,0.07706689834594727,0.015958786010742188,0.05730628967285156,0.08635544776916504,0.016004323959350586,0.045000314712524414,0.0751960277557373,0.016001224517822266,0.05396151542663574,0.07722043991088867,0.01995849609375,0.05403900146484375,0.07300305366516113,0.022001266479492188,0.07421135902404785,0.1473541259765625,0.02599954605102539,0.08217740058898926,0.1251659393310547,0.03418684005737305,0.09617257118225098,0.14421486854553223,0.01537322998046875,0.05032968521118164,0.0762019157409668,0.01796412467956543,0.05299806594848633,0.07524251937866211,0.018997669219970703,0.050240516662597656,0.07800173759460449,0.017197370529174805,0.05118536949157715,0.09028410911560059,0.016965150833129883,0.05425691604614258,0.07320761680603027,0.02599620819091797,0.09532356262207031,0.10600662231445312,0.02699875831604004,0.08700084686279297,0.12316584587097168,0.022217988967895508,0.0951387882232666,0.12657427787780762,0.0270082950592041,0.08338117599487305,0.12346887588500977,0.034000396728515625,0.08799481391906738,0.10699725151062012,0.018996238708496094,0.05212545394897461,0.09200334548950195
58,0.05199837684631348,0.1805276870727539,0.2874000072479248,0.018036603927612305,0.04900383949279785,0.0795743465423584,0.02003335952758789,0.05013442039489746,0.08044648170471191,0.02299976348876953,0.05204486846923828,0.0889894962310791,0.016934633255004883,0.053972482681274414,0.0810401439666748,0.016104698181152344,0.05121660232543945,0.08246803283691406,0.015995264053344727,0.05300116539001465,0.08127069473266602,0.021004915237426758,0.05945181846618652,0.08895277976989746,0.017030954360961914,0.052968740463256836,0.09575891494750977,0.022968292236328125,0.059224843978881836,0.09218788146972656,0.016216039657592773,0.050002336502075195,0.08321714401245117,0.027010202407836914,0.07518672943115234,0.13099980354309082,0.03217935562133789,0.08633804321289062,0.13323593139648438,0.03199625015258789,0.0839986801147461,0.13854122161865234,0.01740550994873047,0.04909110069274902,0.08023428916931152,0.017292499542236328,0.05110049247741699,0.07519292831420898,0.016999244689941406,0.04599881172180176,0.07827091217041016,0.022145986557006836,0.0541226863861084,0.08455634117126465,0.01604008674621582,0.049187660217285156,0.07937026023864746,0.02698540687561035,0.07042264938354492,0.12033867835998535,0.037996768951416016,0.0653238296508789,0.1093590259552002,0.022000789642333984,0.07522749900817871,0.11346173286437988,0.0260012149810791,0.07116293907165527,0.13531041145324707,0.01997065544128418,0.058990478515625,0.09557747840881348,0.01915907859802246,0.056215763092041016,0.09120917320251465
61,0.07100248336791992,0.22455143928527832,0.18673157691955566,0.016999483108520508,0.05103707313537598,0.08500051498413086,0.019004344940185547,0.05920267105102539,0.1004939079284668,0.01900029182434082,0.05096602439880371,0.09000039100646973,0.018999338150024414,0.061997413635253906,0.09346270561218262,0.017000198364257812,0.0542147159576416,0.08989834785461426,0.01700282096862793,0.048958778381347656,0.08632779121398926,0.017229557037353516,0.045232295989990234,0.08900284767150879,0.01799750328063965,0.055999755859375,0.08746719360351562,0.01919841766357422,0.05121040344238281,0.09939765930175781,0.01699209213256836,0.05500388145446777,0.08595871925354004,0.02800726890563965,0.09117650985717773,0.1289992332458496,0.028998374938964844,0.07617902755737305,0.12999892234802246,0.0280001163482666,0.061144113540649414,0.1403660774230957,0.018304824829101562,0.052988529205322266,0.08837246894836426,0.016010761260986328,0.05495023727416992,0.07924675941467285,0.017001867294311523,0.047194719314575195,0.08121299743652344,0.015998363494873047,0.055185794830322266,0.0871884822845459,0.016999006271362305,0.05896329879760742,0.1080324649810791,0.02100062370300293,0.06834650039672852,0.1260063648223877,0.022004127502441406,0.07524895668029785,0.15508079528808594,0.02300429344177246,0.08922791481018066,0.1665339469909668,0.028124332427978516,0.09727907180786133,0.1591939926147461,0.021227598190307617,0.054007530212402344,0.09499335289001465,0.018997907638549805,0.0550074577331543,0.09415316581726074
64,0.02299785614013672,0.06505012512207031,0.11253190040588379,0.018002748489379883,0.05124974250793457,0.08812189102172852,0.016191720962524414,0.05523037910461426,0.08936595916748047,0.017000436782836914,0.056963205337524414,0.09730243682861328,0.018039464950561523,0.05895805358886719,0.08405828475952148,0.016994237899780273,0.05300140380859375,0.1471843719482422,0.018273353576660156,0.05510830879211426,0.09741091728210449,0.016046524047851562,0.05125689506530762,0.08904480934143066,0.016956567764282227,0.05425906181335449,0.08638882637023926,0.01703500747680664,0.05219864845275879,0.08814835548400879,0.017999887466430664,0.04908633232116699,0.09203886985778809,0.03499746322631836,0.10634565353393555,0.16899752616882324,0.02600264549255371,0.07217693328857422,0.15957021713256836,0.040001869201660156,0.10143828392028809,0.17635035514831543,0.01917266845703125,0.05924630165100098,0.09298849105834961,0.016997575759887695,0.054175376892089844,0.08200979232788086,0.018010377883911133,0.0502016544342041,0.08452630043029785,0.017999887466430664,0.05515885353088379,0.08645081520080566,0.02500176429748535,0.09799957275390625,0.13317251205444336,0.034302473068237305,0.0733799934387207,0.1773827075958252,0.030218124389648438,0.06899881362915039,0.12561964988708496,0.0240020751953125,0.06421899795532227,0.13331079483032227,0.029198408126831055,0.09314155578613281,0.1403665542602539,0.019002199172973633,0.0540006160736084,0.1159963607788086,0.02400064468383789,0.051996707916259766,0.10100150108337402
67,0.018001556396484375,0.05499720573425293,0.10373830795288086,0.016264677047729492,0.05300188064575195,0.14796137809753418,0.018998384475708008,0.05199766159057617,0.09228229522705078,0.018972158432006836,0.0549921989440918,0.09703540802001953,0.017948389053344727,0.05146288871765137,0.09957361221313477,0.027791261672973633,0.07912397384643555,0.1580510139465332,0.016036510467529297,0.05316638946533203,0.08954739570617676,0.017000436782836914,0.04724764823913574,0.09232258796691895,0.019536495208740234,0.06210732460021973,0.09652543067932129,0.01900196075439453,0.057199716567993164,0.09341144561767578,0.01599860191345215,0.0523526668548584,0.09139847755432129,0.027000904083251953,0.06200909614562988,0.13717222213745117,0.029175519943237305,0.08633041381835938,0.16230463981628418,0.031177043914794922,0.10223126411437988,0.1580052375793457,0.015993833541870117,0.05521798133850098,0.09257698059082031,0.01599597930908203,0.05026388168334961,0.08917593955993652,0.016999244689941406,0.052222251892089844,0.09045076370239258,0.0183258056640625,0.05622386932373047,0.09337043762207031,0.029005050659179688,0.06899476051330566,0.10031652450561523,0.030002117156982422,0.11417627334594727,0.17499923706054688,0.02599501609802246,0.0729982852935791,0.12222027778625488,0.021986961364746094,0.07412242889404297,0.1584930419921875,0.02814459800720215,0.08025479316711426,0.14234018325805664,0.02500176429748535,0.05300402641296387,0.09816145896911621,0.021999835968017578,0.06527376174926758,0.13295888900756836
70,0.016996145248413086,0.04900026321411133,0.09996533393859863,0.020998239517211914,0.051041364669799805,0.10228490829467773,0.0160062313079834,0.04616117477416992,0.09821581840515137,0.020000457763671875,0.05800175666809082,0.10303878784179688,0.017962217330932617,0.05620598793029785,0.09627008438110352,0.023174524307250977,0.08573484420776367,0.1884002685546875,0.019002199172973633,0.05422782897949219,0.1021721363067627,0.017000675201416016,0.047127723693847656,0.0943143367767334,0.016036033630371094,0.05500292778015137,0.09625101089477539,0.016999244689941406,0.05728340148925781,0.09943103790283203,0.016037702560424805,0.05320024490356445,0.0952291488647461,0.03729891777038574,0.07834911346435547,0.15157842636108398,0.030182361602783203,0.09335541725158691,0.1473226547241211,0.024247169494628906,0.06720924377441406,0.1226046085357666,0.017260074615478516,0.050205230712890625,0.09943652153015137,0.0169525146484375,0.05319404602050781,0.09300494194030762,0.017999649047851562,0.05128145217895508,0.09751033782958984,0.015995264053344727,0.0532228946685791,0.0995790958404541,0.018032312393188477,0.057001590728759766,0.09144473075866699,0.029001712799072266,0.10835146903991699,0.18168044090270996,0.024988651275634766,0.07700014114379883,0.12645959854125977,0.031184673309326172,0.09820389747619629,0.1634213924407959,0.027001142501831055,0.06424903869628906,0.1451253890991211,0.020999908447265625,0.07239890098571777,0.13741278648376465,0.02916097640991211,0.08300256729125977,0.1416172981262207
73,0.017999649047851562,0.05399894714355469,0.09903550148010254,0.018001794815063477,0.051001787185668945,0.10225605964660645,0.015244007110595703,0.05396008491516113,0.10000419616699219,0.018008947372436523,0.05099081993103027,0.10496354103088379,0.016963720321655273,0.05434823036193848,0.10740971565246582,0.023999691009521484,0.06508779525756836,0.12236666679382324,0.018256187438964844,0.05622553825378418,0.09835648536682129,0.017000913619995117,0.051009416580200195,0.09816551208496094,0.015210866928100586,0.05021476745605469,0.09720492362976074,0.015999794006347656,0.05020499229431152,0.09599781036376953,0.017998218536376953,0.04823470115661621,0.09895634651184082,0.03520083427429199,0.08699250221252441,0.14671897888183594,0.025997161865234375,0.09228110313415527,0.17651963233947754,0.0241546630859375,0.10599517822265625,0.14037299156188965,0.01799941062927246,0.05035042762756348,0.10155105590820312,0.018153667449951172,0.05596303939819336,0.1282343864440918,0.017285823822021484,0.05127382278442383,0.0975954532623291,0.017962217330932617,0.05220293998718262,0.10553526878356934,0.016997337341308594,0.0512692928314209,0.0989995002746582,0.025075435638427734,0.07326674461364746,0.15436458587646484,0.032003164291381836,0.0639948844909668,0.16261792182922363,0.026006460189819336,0.08717656135559082,0.16800808906555176,0.02399897575378418,0.06831073760986328,0.16015195846557617,0.020178794860839844,0.07303619384765625,0.14835381507873535,0.023193836212158203,0.07014274597167969,0.13729381561279297
77,0.015999555587768555,0.04895782470703125,0.11100101470947266,0.01700115203857422,0.05226731300354004,0.10634088516235352,0.016997575759887695,0.050218820571899414,0.10356640815734863,0.03250527381896973,0.06603479385375977,0.12799668312072754,0.016997814178466797,0.05424642562866211,0.1053924560546875,0.021979093551635742,0.06314682960510254,0.11650347709655762,0.016039371490478516,0.05328631401062012,0.11171936988830566,0.01634693145751953,0.052233219146728516,0.10512113571166992,0.01599860191345215,0.050011396408081055,0.10252070426940918,0.01925802230834961,0.05328655242919922,0.10712504386901855,0.017038822174072266,0.05227518081665039,0.10320854187011719,0.031225919723510742,0.10438108444213867,0.225691556930542,0.02500128746032715,0.08748126029968262,0.19802618026733398,0.021218538284301758,0.06420135498046875,0.15653300285339355,0.019179105758666992,0.05203962326049805,0.10431408882141113,0.021001338958740234,0.05924677848815918,0.12922072410583496,0.017000675201416016,0.05464434623718262,0.10122919082641602,0.01803421974182129,0.05322670936584473,0.11026716232299805,0.016997098922729492,0.05596494674682617,0.10315418243408203,0.02515125274658203,0.0742185115814209,0.15631866455078125,0.02900099754333496,0.06916952133178711,0.1291658878326416,0.029000282287597656,0.07299995422363281,0.17164874076843262,0.029004335403442383,0.07820367813110352,0.1463456153869629,0.02599644660949707,0.07199740409851074,0.16054129600524902,0.017965316772460938,0.06600499153137207,0.13339686393737793
81,0.01603841781616211,0.05325436592102051,0.11753106117248535,0.017040729522705078,0.061156272888183594,0.13247299194335938,0.01699972152709961,0.0522303581237793,0.11803674697875977,0.01900768280029297,0.06316041946411133,0.1255054473876953,0.01699995994567871,0.051038503646850586,0.10799551010131836,0.018992900848388672,0.05603361129760742,0.11823797225952148,0.016034364700317383,0.055263519287109375,0.10974001884460449,0.01700305938720703,0.05299735069274902,0.10853004455566406,0.01799607276916504,0.0565037727355957,0.11550331115722656,0.018003225326538086,0.0502626895904541,0.1084742546081543,0.016999244689941406,0.0522608757019043,0.11072182655334473,0.03899812698364258,0.0783841609954834,0.17670965194702148,0.024999141693115234,0.11650300025939941,0.20067358016967773,0.0471494197845459,0.1222984790802002,0.2509293556213379,0.016011714935302734,0.05533576011657715,0.11322855949401855,0.018001079559326172,0.057771921157836914,0.10825109481811523,0.01729726791381836,0.0522005558013916,0.11932778358459473,0.018202543258666992,0.05824422836303711,0.10842466354370117,0.01803755760192871,0.05621337890625,0.10736846923828125,0.02371382713317871,0.08839988708496094,0.14736127853393555,0.021165847778320312,0.06512665748596191,0.14034271240234375,0.03621053695678711,0.11662554740905762,0.21643447875976562,0.028197050094604492,0.0770101547241211,0.15899872779846191,0.021217823028564453,0.07331514358520508,0.13249778747558594,0.025233745574951172,0.08518528938293457,0.13649845123291016
84,0.01699972152709961,0.05503439903259277,0.1150054931640625,0.02102494239807129,0.07439088821411133,0.1253809928894043,0.018001794815063477,0.05795741081237793,0.11618256568908691,0.020033836364746094,0.06420373916625977,0.14539170265197754,0.02100515365600586,0.0570371150970459,0.1181638240814209,0.017960071563720703,0.05800199508666992,0.11896705627441406,0.016352415084838867,0.058244943618774414,0.11314105987548828,0.0169980525970459,0.048999786376953125,0.1100001335144043,0.017996788024902344,0.0494074821472168,0.10957789421081543,0.01800251007080078,0.059003591537475586,0.10828399658203125,0.01900506019592285,0.0582730770111084,0.11431455612182617,0.025995969772338867,0.09319782257080078,0.20828747749328613,0.03999590873718262,0.09900236129760742,0.2421555519104004,0.041999101638793945,0.10333251953125,0.1805119514465332,0.01723194122314453,0.05309939384460449,0.11736202239990234,0.016202688217163086,0.059203147888183594,0.11028647422790527,0.018000125885009766,0.04825425148010254,0.13269567489624023,0.018990278244018555,0.05116891860961914,0.134324312210083,0.01700139045715332,0.05200314521789551,0.10899925231933594,0.023006916046142578,0.08916211128234863,0.17768335342407227,0.022001028060913086,0.06600546836853027,0.17450690269470215,0.0249941349029541,0.11120867729187012,0.17923665046691895,0.021188735961914062,0.06447696685791016,0.15368127822875977,0.023003578186035156,0.07114744186401367,0.1537466049194336,0.018991708755493164,0.060236454010009766,0.1503314971923828
89,0.01632213592529297,0.05502152442932129,0.13659167289733887,0.01916646957397461,0.05717134475708008,0.125624418258667,0.01720118522644043,0.054018497467041016,0.12098121643066406,0.02039623260498047,0.0610201358795166,0.1512007713317871,0.017002582550048828,0.053206682205200195,0.11960029602050781,0.01803421974182129,0.06400322914123535,0.14300179481506348,0.018222570419311523,0.0592038631439209,0.12937021255493164,0.020992755889892578,0.05796647071838379,0.12624049186706543,0.018001317977905273,0.05330538749694824,0.14259696006774902,0.020000457763671875,0.05333375930786133,0.11527180671691895,0.017165184020996094,0.054036855697631836,0.12718749046325684,0.032144784927368164,0.12135434150695801,0.23269176483154297,0.03600573539733887,0.07817196846008301,0.19036507606506348,0.025133132934570312,0.08815383911132812,0.18464016914367676,0.016262531280517578,0.05400419235229492,0.1263256072998047,0.016998767852783203,0.056380271911621094,0.12540507316589355,0.018012046813964844,0.06058621406555176,0.11953425407409668,0.022235870361328125,0.06720995903015137,0.12482047080993652,0.01700282096862793,0.05627799034118652,0.11758279800415039,0.021965980529785156,0.06513619422912598,0.16072821617126465,0.031141281127929688,0.062165260314941406,0.15618515014648438,0.023157835006713867,0.07239246368408203,0.1730043888092041,0.029127836227416992,0.09100151062011719,0.2031862735748291,0.028226852416992188,0.06319570541381836,0.15227890014648438,0.023214340209960938,0.08829641342163086,0.14600443840026855
93,0.01802825927734375,0.06717801094055176,0.14591479301452637,0.019038915634155273,0.05723905563354492,0.13634157180786133,0.018964767456054688,0.05854034423828125,0.12503314018249512,0.022294282913208008,0.08408260345458984,0.16153216361999512,0.02104949951171875,0.06732034683227539,0.13846945762634277,0.01898789405822754,0.06027364730834961,0.12912702560424805,0.021297454833984375,0.07121682167053223,0.14245009422302246,0.02099895477294922,0.06003403663635254,0.12599706649780273,0.020964384078979492,0.06639289855957031,0.14565634727478027,0.015999555587768555,0.05199575424194336,0.12025570869445801,0.01903057098388672,0.05824637413024902,0.1375107765197754,0.025177955627441406,0.1063528060913086,0.1903214454650879,0.03511691093444824,0.10815739631652832,0.20746088027954102,0.02214193344116211,0.07215452194213867,0.18675923347473145,0.015999794006347656,0.061957359313964844,0.12200164794921875,0.020374059677124023,0.060085296630859375,0.13137412071228027,0.017002344131469727,0.05633258819580078,0.12150382995605469,0.017000198364257812,0.05716967582702637,0.12854719161987305,0.01799607276916504,0.05530238151550293,0.12224245071411133,0.023001670837402344,0.06932449340820312,0.1723008155822754,0.021223068237304688,0.06917333602905273,0.16233563423156738,0.02799391746520996,0.09336614608764648,0.19965791702270508,0.031267642974853516,0.06414198875427246,0.15816855430603027,0.023003578186035156,0.07739853858947754,0.1744983196258545,0.02299952507019043,0.07599997520446777,0.2294783592224121
97,0.01696324348449707,0.05817723274230957,0.13572382926940918,0.019049406051635742,0.05898547172546387,0.14258670806884766,0.017964839935302734,0.052033424377441406,0.16155433654785156,0.0200042724609375,0.06199836730957031,0.1567544937133789,0.017272233963012695,0.05618095397949219,0.1284193992614746,0.017283916473388672,0.055152177810668945,0.13701915740966797,0.017249107360839844,0.05926799774169922,0.13050103187561035,0.019001245498657227,0.05863499641418457,0.12844038009643555,0.017002105712890625,0.06428813934326172,0.16553187370300293,0.01704096794128418,0.05527853965759277,0.1272294521331787,0.025037288665771484,0.06611990928649902,0.1555790901184082,0.02500748634338379,0.07527852058410645,0.27736926078796387,0.029351472854614258,0.10516929626464844,0.20499920845031738,0.02300095558166504,0.07339072227478027,0.20031476020812988,0.01703643798828125,0.05299973487854004,0.12742209434509277,0.017037630081176758,0.061296701431274414,0.13367366790771484,0.015987157821655273,0.05751991271972656,0.1235969066619873,0.018001317977905273,0.05556941032409668,0.15024566650390625,0.016994714736938477,0.05421185493469238,0.13003134727478027,0.03899693489074707,0.13299965858459473,0.17933082580566406,0.021998167037963867,0.06921505928039551,0.19580292701721191,0.022153377532958984,0.06925368309020996,0.21065378189086914,0.020997285842895508,0.07245159149169922,0.19654607772827148,0.025996923446655273,0.0942544937133789,0.1613316535949707,0.025173664093017578,0.08218216896057129,0.18046832084655762
102,0.01699995994567871,0.0532536506652832,0.14373350143432617,0.020112037658691406,0.06299948692321777,0.15656471252441406,0.024034976959228516,0.07796239852905273,0.16117167472839355,0.020256996154785156,0.06815290451049805,0.17878055572509766,0.018198251724243164,0.057317495346069336,0.14769864082336426,0.020963430404663086,0.06233859062194824,0.1404426097869873,0.017001867294311523,0.05729103088378906,0.14059925079345703,0.017304420471191406,0.056181907653808594,0.13949227333068848,0.021002531051635742,0.05818819999694824,0.1423323154449463,0.016959667205810547,0.05632925033569336,0.13540863990783691,0.020964384078979492,0.06132054328918457,0.12957429885864258,0.03499555587768555,0.09000134468078613,0.20938754081726074,0.025170087814331055,0.07523655891418457,0.2197272777557373,0.025998830795288086,0.08700013160705566,0.19800281524658203,0.02200937271118164,0.07201170921325684,0.16331696510314941,0.015996456146240234,0.05625486373901367,0.13181638717651367,0.01601099967956543,0.056607723236083984,0.13117003440856934,0.019307613372802734,0.05811667442321777,0.13499784469604492,0.018003463745117188,0.05535125732421875,0.13343453407287598,0.031995296478271484,0.13053631782531738,0.20554828643798828,0.022153139114379883,0.1163337230682373,0.22992348670959473,0.0251767635345459,0.0691370964050293,0.21893858909606934,0.02696967124938965,0.09022283554077148,0.2507944107055664,0.021182537078857422,0.08714985847473145,0.19732308387756348,0.0221555233001709,0.07621550559997559,0.1807544231414795
107,0.01800537109375,0.06338167190551758,0.1665172576904297,0.019236326217651367,0.06525087356567383,0.14859652519226074,0.017230749130249023,0.06032061576843262,0.14739251136779785,0.01900315284729004,0.06820368766784668,0.15850043296813965,0.017038583755493164,0.05633974075317383,0.15462350845336914,0.017966032028198242,0.06348586082458496,0.14173221588134766,0.0189974308013916,0.06036210060119629,0.1441187858581543,0.017963409423828125,0.05926871299743652,0.1408238410949707,0.01925516128540039,0.06596088409423828,0.16246724128723145,0.01796436309814453,0.05933046340942383,0.13823843002319336,0.017243623733520508,0.06354498863220215,0.1425788402557373,0.02700042724609375,0.1373453140258789,0.28856849670410156,0.02500176429748535,0.08738493919372559,0.2565467357635498,0.028001785278320312,0.10599589347839355,0.2594025135040283,0.017032384872436523,0.062236785888671875,0.14830327033996582,0.016997098922729492,0.0572812557220459,0.13890933990478516,0.017260313034057617,0.0580592155456543,0.1392509937286377,0.017002344131469727,0.05747413635253906,0.13723444938659668,0.019010066986083984,0.05948686599731445,0.14121627807617188,0.022998809814453125,0.0729987621307373,0.1878347396850586,0.028000593185424805,0.0782017707824707,0.21750974655151367,0.02200031280517578,0.07433319091796875,0.18859267234802246,0.031159639358520508,0.13550400733947754,0.24283862113952637,0.02123117446899414,0.06828522682189941,0.16795110702514648,0.025997400283813477,0.07925963401794434,0.19060897827148438
112,0.016984224319458008,0.0601961612701416,0.14990735054016113,0.019995927810668945,0.08900260925292969,0.16783547401428223,0.01799917221069336,0.06125283241271973,0.15597128868103027,0.019003629684448242,0.06299686431884766,0.15570950508117676,0.01799774169921875,0.05727052688598633,0.25573110580444336,0.019006729125976562,0.05714726448059082,0.1435089111328125,0.01726055145263672,0.061002254486083984,0.14571738243103027,0.01600027084350586,0.06450223922729492,0.14756536483764648,0.024996519088745117,0.06596088409423828,0.20151066780090332,0.016996383666992188,0.05834078788757324,0.14478015899658203,0.017998695373535156,0.05615425109863281,0.1518113613128662,0.03600668907165527,0.10029458999633789,0.2561800479888916,0.044141292572021484,0.1091775894165039,0.24059534072875977,0.03800153732299805,0.11131739616394043,0.2547166347503662,0.017003297805786133,0.06005263328552246,0.15975522994995117,0.016002178192138672,0.05924248695373535,0.14481472969055176,0.017000436782836914,0.05600166320800781,0.15639400482177734,0.015999794006347656,0.05700492858886719,0.14064407348632812,0.023056507110595703,0.08434581756591797,0.1551363468170166,0.03400444984436035,0.0951838493347168,0.2829115390777588,0.027227401733398438,0.09020566940307617,0.20462799072265625,0.021997928619384766,0.07220816612243652,0.2017514705657959,0.02399921417236328,0.08930468559265137,0.22876286506652832,0.020992279052734375,0.08218097686767578,0.2165391445159912,0.02400827407836914,0.08738279342651367,0.20470571517944336
117,0.016961336135864258,0.061321258544921875,0.1615135669708252,0.0201570987701416,0.0762643814086914,0.23049306869506836,0.017961740493774414,0.06721258163452148,0.15583300590515137,0.019000530242919922,0.06918978691101074,0.22161412239074707,0.015997648239135742,0.06104087829589844,0.17242765426635742,0.0191648006439209,0.07225918769836426,0.17068028450012207,0.01695871353149414,0.061475515365600586,0.16111016273498535,0.019001007080078125,0.06628131866455078,0.1576220989227295,0.01704120635986328,0.062123775482177734,0.15347528457641602,0.015999555587768555,0.05726742744445801,0.15271544456481934,0.01921558380126953,0.06618428230285645,0.17182302474975586,0.029999494552612305,0.11240267753601074,0.26059889793395996,0.025008440017700195,0.12818169593811035,0.21237587928771973,0.031000137329101562,0.11732983589172363,0.24118781089782715,0.01723623275756836,0.06119680404663086,0.15956687927246094,0.015999317169189453,0.06029057502746582,0.16270136833190918,0.019170045852661133,0.09319329261779785,0.1693434715270996,0.01697826385498047,0.06419992446899414,0.15987730026245117,0.01896357536315918,0.05928635597229004,0.1527411937713623,0.023000001907348633,0.07818436622619629,0.20647692680358887,0.02299809455871582,0.0749974250793457,0.20433998107910156,0.023960351943969727,0.07430267333984375,0.23032426834106445,0.02300119400024414,0.0841670036315918,0.22757387161254883,0.02099442481994629,0.07300996780395508,0.20500707626342773,0.029220104217529297,0.0851750373840332,0.2344214916229248
123,0.019968032836914062,0.06299901008605957,0.19499969482421875,0.022001028060913086,0.07199454307556152,0.23505139350891113,0.01803445816040039,0.06318879127502441,0.16163897514343262,0.027956724166870117,0.07847142219543457,0.20720458030700684,0.017242431640625,0.06018805503845215,0.18851923942565918,0.018037796020507812,0.06830835342407227,0.22575020790100098,0.01603865623474121,0.0622560977935791,0.16562461853027344,0.019277334213256836,0.07811832427978516,0.19665169715881348,0.017000675201416016,0.06496119499206543,0.18018317222595215,0.016193151473999023,0.06403398513793945,0.18857097625732422,0.01900315284729004,0.06721806526184082,0.16454648971557617,0.024999618530273438,0.0864253044128418,0.24207186698913574,0.024005651473999023,0.07738232612609863,0.2556724548339844,0.0280001163482666,0.1354670524597168,0.3238198757171631,0.019000768661499023,0.06499910354614258,0.16455721855163574,0.016999483108520508,0.06224346160888672,0.1576378345489502,0.018000125885009766,0.0702214241027832,0.16354656219482422,0.017274856567382812,0.06335306167602539,0.16657018661499023,0.018001556396484375,0.06322598457336426,0.16600275039672852,0.023002147674560547,0.08011078834533691,0.26459193229675293,0.023191213607788086,0.07914352416992188,0.22980737686157227,0.0229952335357666,0.08099985122680664,0.2656421661376953,0.02618122100830078,0.08800578117370605,0.2507667541503906,0.020272016525268555,0.07838273048400879,0.2846190929412842,0.02315354347229004,0.11078166961669922,0.2263789176940918
129,0.018960952758789062,0.07004761695861816,0.19295287132263184,0.021999597549438477,0.0859673023223877,0.22254133224487305,0.018277883529663086,0.06316971778869629,0.16301584243774414,0.027020931243896484,0.07300233840942383,0.21399760246276855,0.019963979721069336,0.08948659896850586,0.17290568351745605,0.02497124671936035,0.08844757080078125,0.20234060287475586,0.01900005340576172,0.06027531623840332,0.16533160209655762,0.01827859878540039,0.06118416786193848,0.16677188873291016,0.016997575759887695,0.0670008659362793,0.16155123710632324,0.020005464553833008,0.08041143417358398,0.18459844589233398,0.016035079956054688,0.06413149833679199,0.17220425605773926,0.025002479553222656,0.10033416748046875,0.25510573387145996,0.02199840545654297,0.07533740997314453,0.3026549816131592,0.04199647903442383,0.11999869346618652,0.27962446212768555,0.016228199005126953,0.06924319267272949,0.16843748092651367,0.016999006271362305,0.06124424934387207,0.16488242149353027,0.01699995994567871,0.06329059600830078,0.1681673526763916,0.016287803649902344,0.06400394439697266,0.16767096519470215,0.023035049438476562,0.08018612861633301,0.19880962371826172,0.031185150146484375,0.08116364479064941,0.29700160026550293,0.0220029354095459,0.0763711929321289,0.23973679542541504,0.030998706817626953,0.11052918434143066,0.2840087413787842,0.03399801254272461,0.1185305118560791,0.30465006828308105,0.030170440673828125,0.10799264907836914,0.24640560150146484,0.023000478744506836,0.08130216598510742,0.2278146743774414
135,0.01803874969482422,0.06500911712646484,0.1914234161376953,0.025035858154296875,0.07624220848083496,0.19844961166381836,0.01828455924987793,0.06526017189025879,0.181718111038208,0.021328449249267578,0.0720052719116211,0.3095669746398926,0.021001100540161133,0.09020018577575684,0.17795729637145996,0.01930069923400879,0.07418227195739746,0.21475815773010254,0.017001628875732422,0.0629584789276123,0.17848896980285645,0.018170595169067383,0.06621050834655762,0.18184256553649902,0.016996145248413086,0.08211159706115723,0.18758225440979004,0.018108606338500977,0.06422066688537598,0.16887855529785156,0.015999317169189453,0.06930375099182129,0.17060089111328125,0.024007797241210938,0.10663151741027832,0.27896904945373535,0.029163122177124023,0.08825802803039551,0.3017442226409912,0.025006532669067383,0.10538983345031738,0.336214542388916,0.020292997360229492,0.06920957565307617,0.17020821571350098,0.017212629318237305,0.0640401840209961,0.17283940315246582,0.020959138870239258,0.06432628631591797,0.17824482917785645,0.017000436782836914,0.06415390968322754,0.17203283309936523,0.020961999893188477,0.06822466850280762,0.17247366905212402,0.022217750549316406,0.07815384864807129,0.2379765510559082,0.02399921417236328,0.08439493179321289,0.2408123016357422,0.022965192794799805,0.12314510345458984,0.30214715003967285,0.03296828269958496,0.12116384506225586,0.291088342666626,0.027163028717041016,0.10224771499633789,0.28576135635375977,0.02199268341064453,0.07700014114379883,0.2111833095550537
141,0.016983985900878906,0.07100272178649902,0.24796199798583984,0.017998218536376953,0.06913614273071289,0.21791839599609375,0.019004344940185547,0.07226705551147461,0.19153594970703125,0.024996280670166016,0.09028244018554688,0.2260434627532959,0.01700305938720703,0.06532526016235352,0.18977689743041992,0.0189971923828125,0.06998085975646973,0.20799970626831055,0.018001794815063477,0.07238435745239258,0.19359636306762695,0.01896214485168457,0.06846499443054199,0.18921399116516113,0.018167734146118164,0.07603192329406738,0.21363162994384766,0.01603984832763672,0.06853985786437988,0.1821913719177246,0.01702284812927246,0.07000350952148438,0.18000555038452148,0.02700519561767578,0.1022939682006836,0.2938976287841797,0.028149843215942383,0.12999486923217773,0.29053735733032227,0.02399897575378418,0.12051129341125488,0.2932288646697998,0.017000198364257812,0.0680079460144043,0.18973779678344727,0.017351865768432617,0.06634402275085449,0.17850804328918457,0.01704096794128418,0.07040524482727051,0.19477248191833496,0.01700139045715332,0.06532168388366699,0.17901349067687988,0.01628851890563965,0.06723523139953613,0.18204212188720703,0.02321338653564453,0.0983729362487793,0.3421669006347656,0.02199554443359375,0.09319424629211426,0.27076196670532227,0.031001806259155273,0.0891726016998291,0.2726593017578125,0.02217841148376465,0.08323264122009277,0.3160736560821533,0.027998924255371094,0.11136913299560547,0.2610132694244385,0.022998571395874023,0.08003735542297363,0.19686460494995117
148,0.08281779289245605,0.2589871883392334,1.2490589618682861,0.03099656105041504,0.08295845985412598,0.21968698501586914,0.01734137535095215,0.07116436958312988,0.21215224266052246,0.018999338150024414,0.07100391387939453,0.19657278060913086,0.01824951171875,0.08023500442504883,0.19734716415405273,0.019961833953857422,0.07320499420166016,0.21662306785583496,0.017038345336914062,0.06840395927429199,0.19772768020629883,0.01732492446899414,0.07013726234436035,0.19970083236694336,0.021999120712280273,0.07800126075744629,0.19269204139709473,0.016005277633666992,0.06317424774169922,0.18584728240966797,0.016345500946044922,0.0659945011138916,0.18924927711486816,0.02719855308532715,0.13042116165161133,0.25884008407592773,0.02314281463623047,0.08318924903869629,0.2693135738372803,0.02599501609802246,0.10755562782287598,0.31905484199523926,0.017282485961914062,0.06917190551757812,0.20618939399719238,0.017038345336914062,0.08012890815734863,0.22588276863098145,0.016037464141845703,0.06525111198425293,0.19078373908996582,0.017000198364257812,0.07538914680480957,0.19574761390686035,0.01731133460998535,0.06815385818481445,0.1883533000946045,0.022179365158081055,0.08439302444458008,0.2588944435119629,0.02299666404724121,0.08524179458618164,0.33084964752197266,0.024964570999145508,0.11353111267089844,0.3059377670288086,0.025000333786010742,0.1023564338684082,0.27455711364746094,0.030998945236206055,0.09245705604553223,0.24740171432495117,0.018996477127075195,0.10846424102783203,0.27117323875427246
155,0.07500100135803223,0.39942502975463867,0.8694229125976562,0.01896524429321289,0.0793466567993164,0.21062588691711426,0.01999831199645996,0.06904149055480957,0.2608458995819092,0.018001556396484375,0.06899833679199219,0.1995410919189453,0.016999244689941406,0.07225346565246582,0.2141878604888916,0.01799607276916504,0.07695984840393066,0.23248767852783203,0.016999244689941406,0.07018375396728516,0.20868802070617676,0.01695990562438965,0.0670008659362793,0.19751453399658203,0.018175840377807617,0.06999754905700684,0.2417280673980713,0.017342805862426758,0.09396076202392578,0.2060403823852539,0.016000032424926758,0.0799872875213623,0.2035050392150879,0.022008180618286133,0.08414626121520996,0.2743992805480957,0.022223472595214844,0.08839821815490723,0.2907721996307373,0.024010419845581055,0.09639692306518555,0.33000636100769043,0.023171424865722656,0.08814430236816406,0.20580029487609863,0.01800394058227539,0.07500290870666504,0.20412230491638184,0.016992807388305664,0.07029294967651367,0.19617962837219238,0.016000032424926758,0.07515764236450195,0.22278404235839844,0.01700282096862793,0.0749976634979248,0.21458816528320312,0.026996135711669922,0.10139107704162598,0.3327758312225342,0.03299880027770996,0.13544225692749023,0.3686699867248535,0.034001827239990234,0.15055513381958008,0.290940523147583,0.03818988800048828,0.15546536445617676,0.35991668701171875,0.022174358367919922,0.08921599388122559,0.24594473838806152,0.026114940643310547,0.11543107032775879,0.26802563667297363
162,0.1541898250579834,0.36040735244750977,0.7593164443969727,0.017000198364257812,0.07319259643554688,0.2160651683807373,0.01899862289428711,0.07621145248413086,0.21923112869262695,0.01825881004333496,0.07319903373718262,0.21275925636291504,0.017287492752075195,0.06819415092468262,0.21100068092346191,0.019583702087402344,0.0920572280883789,0.249237060546875,0.01799488067626953,0.08033323287963867,0.2317488193511963,0.015998363494873047,0.07363271713256836,0.20763707160949707,0.02320265769958496,0.10456609725952148,0.2525789737701416,0.017011165618896484,0.07134437561035156,0.2078409194946289,0.017230749130249023,0.06901741027832031,0.2097454071044922,0.026001691818237305,0.09639811515808105,0.30768847465515137,0.022001266479492188,0.12330389022827148,0.31659936904907227,0.029208660125732422,0.13115596771240234,0.3475804328918457,0.018245458602905273,0.06942892074584961,0.2118828296661377,0.016996145248413086,0.07031011581420898,0.21146583557128906,0.01598215103149414,0.07257962226867676,0.20210981369018555,0.02299022674560547,0.09897303581237793,0.21391963958740234,0.020089149475097656,0.08019709587097168,0.21746373176574707,0.025183439254760742,0.10815572738647461,0.46642017364501953,0.02596879005432129,0.0964365005493164,0.3305215835571289,0.02517414093017578,0.11937308311462402,0.3280766010284424,0.03318357467651367,0.09043335914611816,0.2849240303039551,0.020162105560302734,0.08823180198669434,0.27773594856262207,0.027998685836791992,0.10319256782531738,0.26185083389282227
170,0.06499719619750977,0.3751029968261719,0.7798774242401123,0.018151044845581055,0.07328271865844727,0.2669687271118164,0.01800084114074707,0.07628798484802246,0.3056628704071045,0.018993616104125977,0.08201885223388672,0.22782087326049805,0.017279863357543945,0.07521247863769531,0.21678948402404785,0.01999974250793457,0.08812284469604492,0.3084218502044678,0.020186424255371094,0.08920741081237793,0.230118989944458,0.0170137882232666,0.07618927955627441,0.21849703788757324,0.018996000289916992,0.07856893539428711,0.22005629539489746,0.015999555587768555,0.07612133026123047,0.21919035911560059,0.01900196075439453,0.08918333053588867,0.28270697593688965,0.03599286079406738,0.10533285140991211,0.3974173069000244,0.024007320404052734,0.09545707702636719,0.3269007205963135,0.024181842803955078,0.12999725341796875,0.42241525650024414,0.017039775848388672,0.08000707626342773,0.23490095138549805,0.016997814178466797,0.0772707462310791,0.2247779369354248,0.01599907875061035,0.0753030776977539,0.2425849437713623,0.017000198364257812,0.07767963409423828,0.2149815559387207,0.01596379280090332,0.08231592178344727,0.2294449806213379,0.04000067710876465,0.1913752555847168,0.483767032623291,0.02900528907775879,0.1356501579284668,0.3764488697052002,0.030181407928466797,0.14730405807495117,0.36703038215637207,0.02219104766845703,0.1415421962738037,0.3452739715576172,0.020000219345092773,0.0803823471069336,0.23703455924987793,0.024300575256347656,0.10236549377441406,0.2429642677307129
178,0.05418968200683594,0.2476367950439453,0.34526610374450684,0.020228862762451172,0.0863955020904541,0.2748873233795166,0.018271923065185547,0.08517146110534668,0.24147987365722656,0.023190736770629883,0.09936642646789551,0.24610114097595215,0.018258094787597656,0.07500338554382324,0.231919527053833,0.02422475814819336,0.09156537055969238,0.4184093475341797,0.017959117889404297,0.08344912528991699,0.2446587085723877,0.01796126365661621,0.08436274528503418,0.2314622402191162,0.01916050910949707,0.09313011169433594,0.26008081436157227,0.019167184829711914,0.08274149894714355,0.24364566802978516,0.016212940216064453,0.08114027976989746,0.23458313941955566,0.025096654891967773,0.0999917984008789,0.341886043548584,0.023001909255981445,0.0943756103515625,0.31737828254699707,0.023000478744506836,0.10040044784545898,0.3322312831878662,0.02730584144592285,0.08832001686096191,0.251262903213501,0.019291400909423828,0.07915067672729492,0.2347583770751953,0.017275333404541016,0.07932496070861816,0.2288656234741211,0.01703929901123047,0.0780034065246582,0.22990036010742188,0.020035982131958008,0.08124041557312012,0.2289905548095703,0.035243988037109375,0.14141440391540527,0.4061160087585449,0.02500295639038086,0.1344928741455078,0.37995386123657227,0.030141115188598633,0.13111519813537598,0.4487924575805664,0.020992755889892578,0.10342216491699219,0.3538649082183838,0.01800823211669922,0.08215475082397461,0.2613801956176758,0.018000125885009766,0.08632683753967285,0.34000539779663086
187,0.020008087158203125,0.09332704544067383,0.257859468460083,0.017964601516723633,0.08639335632324219,0.25406694412231445,0.018993854522705078,0.08116769790649414,0.24761414527893066,0.019035816192626953,0.08297014236450195,0.2690243721008301,0.017004013061523438,0.07822656631469727,0.24022650718688965,0.025296449661254883,0.10219407081604004,0.6064407825469971,0.016994476318359375,0.07936739921569824,0.24766921997070312,0.01624894142150879,0.07732772827148438,0.2412126064300537,0.02000570297241211,0.09049391746520996,0.2662820816040039,0.016999483108520508,0.08038854598999023,0.23742079734802246,0.017963171005249023,0.08445501327514648,0.25533127784729004,0.021992921829223633,0.1215665340423584,0.39930272102355957,0.030998945236206055,0.12237691879272461,0.3894016742706299,0.02500009536743164,0.1535484790802002,0.3405325412750244,0.0200040340423584,0.08647370338439941,0.24880075454711914,0.016996383666992188,0.08228349685668945,0.2568061351776123,0.018001079559326172,0.08448266983032227,0.24019956588745117,0.017000913619995117,0.08127737045288086,0.23681902885437012,0.016997814178466797,0.08035469055175781,0.23922133445739746,0.025987625122070312,0.16752171516418457,0.6191868782043457,0.024005889892578125,0.13799691200256348,0.4039945602416992,0.026007890701293945,0.11020207405090332,0.3605687618255615,0.0321805477142334,0.10826539993286133,0.38478589057922363,0.027134180068969727,0.10038161277770996,0.374619722366333,0.023999691009521484,0.10239243507385254,0.3059849739074707
196,0.018969058990478516,0.08718156814575195,0.2758152484893799,0.0192105770111084,0.08216428756713867,0.31330084800720215,0.017048358917236328,0.09021806716918945,0.2869725227355957,0.01902937889099121,0.08496212959289551,0.2721998691558838,0.017006635665893555,0.08821392059326172,0.2629978656768799,0.036185503005981445,0.1764669418334961,0.44741201400756836,0.01699995994567871,0.0844888687133789,0.2615785598754883,0.016999483108520508,0.08745813369750977,0.2647738456726074,0.019169092178344727,0.09019851684570312,0.24823760986328125,0.018000125885009766,0.09220075607299805,0.2538895606994629,0.01921701431274414,0.09529995918273926,0.2612321376800537,0.0332179069519043,0.14230704307556152,0.4379143714904785,0.02200150489807129,0.10735487937927246,0.3476905822753906,0.024219512939453125,0.10441398620605469,0.4244225025177002,0.016997575759887695,0.09003949165344238,0.26578187942504883,0.017035245895385742,0.08728766441345215,0.2668492794036865,0.018996715545654297,0.100433349609375,0.2841918468475342,0.01700901985168457,0.0832822322845459,0.25881481170654297,0.017000913619995117,0.08244585990905762,0.24721574783325195,0.0442051887512207,0.18080902099609375,0.4667696952819824,0.03099822998046875,0.13328218460083008,0.45027947425842285,0.02298903465270996,0.11217594146728516,0.4314095973968506,0.025158405303955078,0.11499786376953125,0.3953840732574463,0.024003982543945312,0.12799549102783203,0.3408830165863037,0.02023768424987793,0.09939980506896973,0.29588794708251953
205,0.017000913619995117,0.09021353721618652,0.27855634689331055,0.022002458572387695,0.10100245475769043,0.2748434543609619,0.017250776290893555,0.09524703025817871,0.26224803924560547,0.018039941787719727,0.08998823165893555,0.2954709529876709,0.020000696182250977,0.10542130470275879,0.30216312408447266,0.030029296875,0.16665005683898926,0.41538214683532715,0.0189969539642334,0.09613943099975586,0.28520798683166504,0.019004344940185547,0.10744047164916992,0.27965831756591797,0.017043113708496094,0.08811259269714355,0.2647364139556885,0.018275737762451172,0.09214305877685547,0.32013511657714844,0.019959211349487305,0.09447050094604492,0.27199554443359375,0.033003807067871094,0.12239980697631836,0.5122709274291992,0.023207664489746094,0.14530277252197266,0.37369418144226074,0.026206016540527344,0.12135148048400879,0.42774248123168945,0.017002582550048828,0.1054222583770752,0.26529860496520996,0.018999576568603516,0.09635686874389648,0.2800629138946533,0.01800680160522461,0.08699989318847656,0.2694523334503174,0.016213417053222656,0.0902400016784668,0.2643916606903076,0.01700305938720703,0.09247040748596191,0.33925318717956543,0.03116750717163086,0.1611313819885254,0.4091341495513916,0.03099966049194336,0.16457056999206543,0.4524979591369629,0.027119874954223633,0.131239652633667,0.3935720920562744,0.028998851776123047,0.1341686248779297,0.49992847442626953,0.021000385284423828,0.131317138671875,0.36611485481262207,0.020217418670654297,0.09240174293518066,0.3286404609680176
215,0.018004894256591797,0.0874481201171875,0.3002445697784424,0.01699972152709961,0.09296393394470215,0.3546631336212158,0.01799917221069336,0.09247279167175293,0.2868990898132324,0.021001338958740234,0.11919212341308594,0.3511035442352295,0.01704120635986328,0.09199881553649902,0.29438114166259766,0.022003173828125,0.1081552505493164,0.375934362411499,0.018247365951538086,0.09999608993530273,0.29233360290527344,0.018006324768066406,0.09057044982910156,0.2780280113220215,0.017034292221069336,0.09000515937805176,0.27440452575683594,0.01803755760192871,0.09526348114013672,0.28691601753234863,0.017002582550048828,0.09619951248168945,0.27829980850219727,0.02500605583190918,0.18735766410827637,0.5348293781280518,0.02813410758972168,0.1659989356994629,0.3695812225341797,0.023004531860351562,0.13164043426513672,0.44976019859313965,0.01701068878173828,0.09158802032470703,0.27497386932373047,0.018038034439086914,0.09935474395751953,0.31023240089416504,0.017963647842407227,0.09261441230773926,0.2810797691345215,0.016965150833129883,0.0855710506439209,0.28037428855895996,0.020003795623779297,0.09434962272644043,0.285372257232666,0.022004127502441406,0.11237382888793945,0.4068291187286377,0.025002717971801758,0.16245412826538086,0.5245141983032227,0.02411031723022461,0.16857075691223145,0.4170238971710205,0.026044607162475586,0.11040329933166504,0.3355724811553955,0.020992755889892578,0.11459231376647949,0.3600344657897949,0.01900506019592285,0.11613726615905762,0.40567803382873535
225,0.01600027084350586,0.09423065185546875,0.30393028259277344,0.02130413055419922,0.1242680549621582,0.31899476051330566,0.016001462936401367,0.09842109680175781,0.30930113792419434,0.02200007438659668,0.13024282455444336,0.3110482692718506,0.01799941062927246,0.09404921531677246,0.30060458183288574,0.031206846237182617,0.13864707946777344,0.3781418800354004,0.0160372257232666,0.09453773498535156,0.2948172092437744,0.019038915634155273,0.09866619110107422,0.2922847270965576,0.017006874084472656,0.09600543975830078,0.29181957244873047,0.020003557205200195,0.10336828231811523,0.2992687225341797,0.018334388732910156,0.09100055694580078,0.30312395095825195,0.02900099754333496,0.21559357643127441,0.5269660949707031,0.0240020751953125,0.1159982681274414,0.43739748001098633,0.02599310874938965,0.16333937644958496,0.5081734657287598,0.019232988357543945,0.0975806713104248,0.2912569046020508,0.01739811897277832,0.09716391563415527,0.3499794006347656,0.019043445587158203,0.09816956520080566,0.2897512912750244,0.016336917877197266,0.09914231300354004,0.2924056053161621,0.017037630081176758,0.10143494606018066,0.29291367530822754,0.025000810623168945,0.16120195388793945,0.45052528381347656,0.023184537887573242,0.1292719841003418,0.48328661918640137,0.02603626251220703,0.13157010078430176,0.41077470779418945,0.030157089233398438,0.14227509498596191,0.37918734550476074,0.02617359161376953,0.1494307518005371,0.3823559284210205,0.025218725204467773,0.13912320137023926,0.318892240524292
236,0.018210887908935547,0.1002357006072998,0.38402771949768066,0.020000219345092773,0.10732007026672363,0.30513644218444824,0.017000913619995117,0.10141539573669434,0.30568790435791016,0.017000675201416016,0.09624481201171875,0.29749512672424316,0.0180051326751709,0.09926295280456543,0.3253147602081299,0.019217491149902344,0.10343313217163086,0.32930707931518555,0.021147727966308594,0.19135475158691406,0.3298623561859131,0.01799774169921875,0.10623788833618164,0.3211526870727539,0.016998767852783203,0.10129880905151367,0.3538026809692383,0.019001483917236328,0.10065817832946777,0.31249547004699707,0.03811907768249512,0.1303257942199707,0.31394171714782715,0.024002790451049805,0.12743043899536133,0.42055773735046387,0.024997949600219727,0.12221121788024902,0.4721486568450928,0.02400374412536621,0.14300084114074707,0.4909365177154541,0.017000913619995117,0.09948110580444336,0.3050389289855957,0.017037630081176758,0.10632538795471191,0.3198087215423584,0.017998933792114258,0.10772204399108887,0.3190310001373291,0.017013072967529297,0.10144162178039551,0.3586113452911377,0.016641855239868164,0.09296035766601562,0.2998044490814209,0.02219367027282715,0.12222123146057129,0.4234473705291748,0.03524589538574219,0.17747712135314941,0.43349552154541016,0.03398895263671875,0.14946675300598145,0.5550217628479004,0.0222623348236084,0.13847827911376953,0.40874481201171875,0.028192758560180664,0.12030768394470215,0.37052178382873535,0.018009662628173828,0.11502742767333984,0.42160797119140625
247,0.01900506019592285,0.11149239540100098,0.32921767234802246,0.017040491104125977,0.10446381568908691,0.3151400089263916,0.01700425148010254,0.11222648620605469,0.4360353946685791,0.017960071563720703,0.11436676979064941,0.32509350776672363,0.018998146057128906,0.11121463775634766,0.3777580261230469,0.018302202224731445,0.16557860374450684,0.4157984256744385,0.021094322204589844,0.11443686485290527,0.3495464324951172,0.02003931999206543,0.11840486526489258,0.3298487663269043,0.01799917221069336,0.10959196090698242,0.32647132873535156,0.01822829246520996,0.1095120906829834,0.31656527519226074,0.018002986907958984,0.10604000091552734,0.36096835136413574,0.02421712875366211,0.13722634315490723,0.46358394622802734,0.028228759765625,0.19954156875610352,0.5058083534240723,0.023006200790405273,0.13543152809143066,0.5248939990997314,0.019997596740722656,0.1026148796081543,0.322664737701416,0.0180356502532959,0.10921216011047363,0.3422269821166992,0.018001079559326172,0.10151457786560059,0.3327603340148926,0.017203807830810547,0.1234290599822998,0.3476450443267822,0.01703190803527832,0.10812520980834961,0.3306734561920166,0.02199077606201172,0.14549970626831055,0.4576272964477539,0.03335976600646973,0.1252129077911377,0.44392824172973633,0.0229952335357666,0.123199462890625,0.44734621047973633,0.019037961959838867,0.11841416358947754,0.4217569828033447,0.018962860107421875,0.11719703674316406,0.48649144172668457,0.025001049041748047,0.16068196296691895,0.4351623058319092
259,0.017003297805786133,0.11533141136169434,0.36260557174682617,0.0181882381439209,0.11332511901855469,0.3533303737640381,0.019197702407836914,0.12496638298034668,0.37523818016052246,0.01696491241455078,0.11325931549072266,0.3240177631378174,0.029000520706176758,0.15961885452270508,0.3589317798614502,0.020236730575561523,0.1214907169342041,0.46848535537719727,0.020000696182250977,0.11869478225708008,0.3435969352722168,0.019384384155273438,0.11614298820495605,0.33976101875305176,0.01899862289428711,0.2015209197998047,0.36945605278015137,0.01704573631286621,0.11815786361694336,0.3441781997680664,0.020962238311767578,0.11427879333496094,0.35207104682922363,0.03419017791748047,0.14623379707336426,0.5148367881774902,0.02299809455871582,0.13558626174926758,0.4761221408843994,0.02121138572692871,0.1334545612335205,0.580561637878418,0.020962238311767578,0.16578006744384766,0.34821367263793945,0.019290685653686523,0.10826683044433594,0.3407175540924072,0.019315481185913086,0.11951327323913574,0.342818021774292,0.020005226135253906,0.11654400825500488,0.3469972610473633,0.018190383911132812,0.10845494270324707,0.35271763801574707,0.026210546493530273,0.14553070068359375,0.5613515377044678,0.022176265716552734,0.1383516788482666,0.5727789402008057,0.024198293685913086,0.16645264625549316,0.4608941078186035,0.019994735717773438,0.14516377449035645,0.4420795440673828,0.02299642562866211,0.14784932136535645,0.44504308700561523,0.01919388771057129,0.11743950843811035,0.40843701362609863
271,0.018002748489379883,0.11628127098083496,0.36214613914489746,0.01897144317626953,0.14046144485473633,0.4950368404388428,0.020048141479492188,0.12030315399169922,0.4646167755126953,0.016153812408447266,0.11744499206542969,0.36241984367370605,0.01900339126586914,0.11654067039489746,0.4089949131011963,0.022002696990966797,0.12603759765625,0.3978753089904785,0.018034696578979492,0.12250089645385742,0.3649122714996338,0.019178390502929688,0.12526512145996094,0.36144304275512695,0.01703929901123047,0.11541438102722168,0.3565671443939209,0.017000675201416016,0.1172945499420166,0.3519136905670166,0.01900458335876465,0.13296008110046387,0.36176347732543945,0.023005247116088867,0.14869332313537598,0.5155713558197021,0.024003982543945312,0.19835448265075684,0.5106141567230225,0.034177303314208984,0.18150591850280762,0.5113952159881592,0.018004655838012695,0.11699938774108887,0.3561103343963623,0.01901102066040039,0.12035250663757324,0.3821859359741211,0.016999483108520508,0.11961627006530762,0.3837127685546875,0.020201921463012695,0.12709522247314453,0.3533804416656494,0.018999099731445312,0.1266460418701172,0.37351012229919434,0.02514338493347168,0.2045423984527588,0.5225317478179932,0.02599644660949707,0.17635869979858398,0.5119180679321289,0.02899622917175293,0.15646004676818848,0.5044846534729004,0.02600574493408203,0.16412901878356934,0.4888434410095215,0.023033857345581055,0.16610193252563477,0.4576082229614258,0.019304513931274414,0.12096643447875977,0.38736844062805176
284,0.01796412467956543,0.12567377090454102,0.3824803829193115,0.02030181884765625,0.12830233573913574,0.4109787940979004,0.031097888946533203,0.14564943313598633,0.5119664669036865,0.017997026443481445,0.13526368141174316,0.4342682361602783,0.019037723541259766,0.1436309814453125,0.3981308937072754,0.020000457763671875,0.13024187088012695,0.46339917182922363,0.016999483108520508,0.11651945114135742,0.4756495952606201,0.0200040340423584,0.13522028923034668,0.47116661071777344,0.020009517669677734,0.13645410537719727,0.39260411262512207,0.01599740982055664,0.11900663375854492,0.4125809669494629,0.018967390060424805,0.12055850028991699,0.36788439750671387,0.025005817413330078,0.1817319393157959,0.5603790283203125,0.02300286293029785,0.22718381881713867,0.5677669048309326,0.02399611473083496,0.21799993515014648,0.5671286582946777,0.017958879470825195,0.11717987060546875,0.37156009674072266,0.017262697219848633,0.12632203102111816,0.35850954055786133,0.019196271896362305,0.12418723106384277,0.38595080375671387,0.018184900283813477,0.1273036003112793,0.39876866340637207,0.016219615936279297,0.12862491607666016,0.432891845703125,0.025002241134643555,0.17269062995910645,0.5107245445251465,0.02299976348876953,0.15639734268188477,0.616187334060669,0.024143695831298828,0.16559171676635742,0.5679967403411865,0.025165557861328125,0.134368896484375,0.49260568618774414,0.023051738739013672,0.1274275779724121,0.3963325023651123,0.019997596740722656,0.14638543128967285,0.5186188220977783
298,0.01903700828552246,0.12912559509277344,0.37836241722106934,0.027001380920410156,0.15377426147460938,0.4080216884613037,0.027358531951904297,0.17543435096740723,0.515977144241333,0.018003225326538086,0.13032221794128418,0.3923218250274658,0.01799774169921875,0.13664674758911133,0.391467809677124,0.020003080368041992,0.14028096199035645,0.4052608013153076,0.0179898738861084,0.13956475257873535,0.40593695640563965,0.017003774642944336,0.13683390617370605,0.38773298263549805,0.018999576568603516,0.1379539966583252,0.3973984718322754,0.018991947174072266,0.13824844360351562,0.392366886138916,0.018040895462036133,0.13573789596557617,0.3917262554168701,0.022001266479492188,0.16758465766906738,0.6706693172454834,0.04037284851074219,0.1873786449432373,0.6490960121154785,0.022995948791503906,0.17166495323181152,0.5952913761138916,0.01800370216369629,0.1314082145690918,0.3804898262023926,0.017347335815429688,0.12929511070251465,0.4048023223876953,0.021039485931396484,0.14443349838256836,0.38254356384277344,0.01820826530456543,0.1331477165222168,0.4243621826171875,0.019994020462036133,0.13660216331481934,0.3837125301361084,0.023998498916625977,0.16452240943908691,0.5946493148803711,0.02300262451171875,0.19451498985290527,0.5301792621612549,0.03700065612792969,0.19569802284240723,0.5339968204498291,0.020145177841186523,0.19462108612060547,0.5377466678619385,0.02718043327331543,0.13138175010681152,0.4237020015716553,0.025008201599121094,0.13844943046569824,0.42131900787353516
312,0.020264625549316406,0.14395809173583984,0.46430039405822754,0.01699972152709961,0.13125109672546387,0.4468863010406494,0.02199554443359375,0.16907358169555664,0.5648930072784424,0.018004417419433594,0.1431899070739746,0.42212653160095215,0.016125917434692383,0.14345979690551758,0.4178926944732666,0.01796722412109375,0.1463007926940918,0.5531604290008545,0.017000436782836914,0.1372377872467041,0.4139096736907959,0.018008947372436523,0.1435413360595703,0.40796637535095215,0.019988059997558594,0.13500332832336426,0.4633052349090576,0.016364097595214844,0.16157078742980957,0.4215729236602783,0.017995357513427734,0.13475728034973145,0.39783644676208496,0.026005268096923828,0.22672176361083984,0.5689737796783447,0.025001049041748047,0.1777951717376709,0.605919361114502,0.023162126541137695,0.29712390899658203,0.6405491828918457,0.018001794815063477,0.1471576690673828,0.4075746536254883,0.018036603927612305,0.15444040298461914,0.4157450199127197,0.017000913619995117,0.13420891761779785,0.40774106979370117,0.01799941062927246,0.13978123664855957,0.4412250518798828,0.018967866897583008,0.13957571983337402,0.42112064361572266,0.02200007438659668,0.17425274848937988,0.6395339965820312,0.023000717163085938,0.19974923133850098,0.6539649963378906,0.0311582088470459,0.22130465507507324,0.5741367340087891,0.02426624298095703,0.15948247909545898,0.4572896957397461,0.01900506019592285,0.14056062698364258,0.5450589656829834,0.019000530242919922,0.14325189590454102,0.5139749050140381
327,0.020946025848388672,0.15581488609313965,0.46669864654541016,0.031004905700683594,0.16059589385986328,0.5409743785858154,0.020316600799560547,0.18217158317565918,0.7560563087463379,0.01599287986755371,0.14371418952941895,0.4451451301574707,0.018997907638549805,0.16130542755126953,0.46691226959228516,0.030164241790771484,0.20391464233398438,0.759737491607666,0.024173498153686523,0.1493849754333496,0.4681358337402344,0.017209529876708984,0.1475374698638916,0.43315887451171875,0.018957853317260742,0.14523983001708984,0.4350264072418213,0.01734781265258789,0.15050768852233887,0.43163108825683594,0.017001867294311523,0.1499948501586914,0.4753124713897705,0.023180723190307617,0.21657371520996094,0.7752261161804199,0.026697874069213867,0.19050359725952148,0.589846134185791,0.0250394344329834,0.19060683250427246,0.5172638893127441,0.01728677749633789,0.15364336967468262,0.42597055435180664,0.017999887466430664,0.14323925971984863,0.4353506565093994,0.0189971923828125,0.16962671279907227,0.4162898063659668,0.0200040340423584,0.14957165718078613,0.4186246395111084,0.017999649047851562,0.16171693801879883,0.4152956008911133,0.03100299835205078,0.2639479637145996,0.6214137077331543,0.025006532669067383,0.18422937393188477,0.6194136142730713,0.02499866485595703,0.17149615287780762,0.6443066596984863,0.01900005340576172,0.17348837852478027,0.4843909740447998,0.023003339767456055,0.17076921463012695,0.5257484912872314,0.029003143310546875,0.19872117042541504,0.5268754959106445
343,0.019037723541259766,0.1617579460144043,0.4685029983520508,0.024959325790405273,0.19477558135986328,0.5460641384124756,0.030962705612182617,0.19830536842346191,0.5762608051300049,0.016997575759887695,0.15755867958068848,0.4674553871154785,0.017258167266845703,0.15253043174743652,0.4431040287017822,0.04913496971130371,0.2872600555419922,0.6841657161712646,0.021970748901367188,0.15485215187072754,0.451946496963501,0.017960309982299805,0.17356371879577637,0.4815676212310791,0.018999814987182617,0.1699662208557129,0.469496488571167,0.019292593002319336,0.14773154258728027,0.4572157859802246,0.01799178123474121,0.16849684715270996,0.44951701164245605,0.03499889373779297,0.2598447799682617,0.6484057903289795,0.03316330909729004,0.22569537162780762,0.6295225620269775,0.020287036895751953,0.2351984977722168,0.5641307830810547,0.019160032272338867,0.16367602348327637,0.46059274673461914,0.018231630325317383,0.17045378684997559,0.448681116104126,0.017963409423828125,0.1568002700805664,0.46076440811157227,0.01700568199157715,0.14975833892822266,0.4358499050140381,0.017999887466430664,0.14403820037841797,0.46448755264282227,0.023009777069091797,0.22249960899353027,0.6088414192199707,0.023206710815429688,0.22476482391357422,0.6967785358428955,0.02099776268005371,0.27225732803344727,0.6180112361907959,0.028211593627929688,0.2379007339477539,0.6079325675964355,0.019999265670776367,0.16215276718139648,0.5629391670227051,0.023957490921020508,0.1745157241821289,0.6229870319366455
359,0.018027305603027344,0.1703629493713379,0.4734935760498047,0.019992351531982422,0.1668689250946045,0.5351133346557617,0.0220034122467041,0.17645668983459473,0.6159815788269043,0.019993305206298828,0.18043732643127441,0.5095798969268799,0.01800537109375,0.16841793060302734,0.5837392807006836,0.02121257781982422,0.1833813190460205,0.5583600997924805,0.01901078224182129,0.16380047798156738,0.46142125129699707,0.019994735717773438,0.17778682708740234,0.5381066799163818,0.017003297805786133,0.17194724082946777,0.46414613723754883,0.017039775848388672,0.16459965705871582,0.5403428077697754,0.01799917221069336,0.1692357063293457,0.4820373058319092,0.030199050903320312,0.30434274673461914,0.6918759346008301,0.02500319480895996,0.2531893253326416,0.7004532814025879,0.02028369903564453,0.17816448211669922,0.6295216083526611,0.01723194122314453,0.1704883575439453,0.4841635227203369,0.018040895462036133,0.17469286918640137,0.47151994705200195,0.020965099334716797,0.20070886611938477,0.49996209144592285,0.017958641052246094,0.1681044101715088,0.4558076858520508,0.017034292221069336,0.16700077056884766,0.5296502113342285,0.021999359130859375,0.20094680786132812,0.7116947174072266,0.024184226989746094,0.21873712539672852,0.6906287670135498,0.029171466827392578,0.23792266845703125,0.6843106746673584,0.026007890701293945,0.20499467849731445,0.6433629989624023,0.019999980926513672,0.19860553741455078,0.644700288772583,0.021157503128051758,0.2532510757446289,0.6128242015838623
376,0.018157243728637695,0.18218040466308594,0.5182647705078125,0.0252988338470459,0.21741652488708496,0.6234097480773926,0.020172119140625,0.22036337852478027,0.6981260776519775,0.020167827606201172,0.2017531394958496,0.5150051116943359,0.01799774169921875,0.17489099502563477,0.5138516426086426,0.02125072479248047,0.20029830932617188,0.6091327667236328,0.018004179000854492,0.17380690574645996,0.48959779739379883,0.019963979721069336,0.1714332103729248,0.49873805046081543,0.0179593563079834,0.17383480072021484,0.4837663173675537,0.01903510093688965,0.17592906951904297,0.49959778785705566,0.019035816192626953,0.18703532218933105,0.5191977024078369,0.028000593185424805,0.22193694114685059,0.7365448474884033,0.027219057083129883,0.23276519775390625,0.762977123260498,0.021997451782226562,0.19951486587524414,0.5648787021636963,0.019005775451660156,0.18717741966247559,0.5124034881591797,0.01800060272216797,0.18634819984436035,0.5258533954620361,0.01915431022644043,0.17337274551391602,0.5116980075836182,0.019034862518310547,0.17803406715393066,0.4782681465148926,0.018029212951660156,0.18583297729492188,0.49138379096984863,0.022996902465820312,0.220658540725708,0.7984771728515625,0.02200007438659668,0.21547603607177734,0.7521572113037109,0.028188228607177734,0.2846646308898926,0.7196695804595947,0.021242380142211914,0.20981383323669434,0.5612325668334961,0.030118227005004883,0.23270773887634277,0.6370849609375,0.02599620819091797,0.2433793544769287,0.7592184543609619
394,0.02000260353088379,0.19340181350708008,0.5589020252227783,0.021040678024291992,0.19352245330810547,0.5563271045684814,0.021999597549438477,0.22603511810302734,0.6288576126098633,0.01796436309814453,0.17822527885437012,0.5322465896606445,0.020223379135131836,0.19463562965393066,0.5316567420959473,0.02104020118713379,0.20879387855529785,0.6065883636474609,0.018289804458618164,0.19684052467346191,0.5820784568786621,0.016997575759887695,0.18464112281799316,0.5166187286376953,0.01800227165222168,0.18520736694335938,0.5764482021331787,0.01799774169921875,0.18558597564697266,0.5028903484344482,0.017040491104125977,0.1960134506225586,0.5247883796691895,0.034998178482055664,0.3853781223297119,0.8492286205291748,0.024997234344482422,0.23192834854125977,0.7247111797332764,0.01996588706970215,0.2027444839477539,0.55735182762146,0.018032312393188477,0.1845228672027588,0.5090103149414062,0.02899956703186035,0.2170853614807129,0.5380749702453613,0.01927638053894043,0.208237886428833,0.5293641090393066,0.018000125885009766,0.18548059463500977,0.5418109893798828,0.016997814178466797,0.18414640426635742,0.5344631671905518,0.027184247970581055,0.21780610084533691,0.7543315887451172,0.02799820899963379,0.24034428596496582,0.8299462795257568,0.022996187210083008,0.2976677417755127,0.767005443572998,0.01899552345275879,0.20191287994384766,0.6767580509185791,0.028233766555786133,0.23839139938354492,0.6308798789978027,0.029127836227416992,0.2687835693359375,0.7105038166046143
413,0.01903510093688965,0.20842695236206055,0.5457170009613037,0.023000240325927734,0.21382832527160645,0.6777520179748535,0.03304147720336914,0.22982025146484375,0.6035983562469482,0.0189666748046875,0.2056903839111328,0.5476968288421631,0.0173492431640625,0.19926691055297852,0.5380210876464844,0.0209653377532959,0.22112178802490234,0.5833084583282471,0.01999664306640625,0.2122206687927246,0.558535099029541,0.017274856567382812,0.19566011428833008,0.536766529083252,0.019170761108398438,0.2042696475982666,0.5496110916137695,0.016997337341308594,0.1961965560913086,0.5490295886993408,0.019003629684448242,0.2427506446838379,0.5451221466064453,0.026000261306762695,0.27532100677490234,0.9368908405303955,0.0260012149810791,0.2677116394042969,0.9743907451629639,0.02113485336303711,0.27571773529052734,0.6669361591339111,0.01800084114074707,0.2009577751159668,0.6025002002716064,0.018207550048828125,0.20286870002746582,0.5325441360473633,0.018999099731445312,0.20352792739868164,0.5356931686401367,0.019042015075683594,0.20266318321228027,0.5748765468597412,0.020009756088256836,0.22160077095031738,0.553602933883667,0.037142276763916016,0.2467517852783203,0.7435240745544434,0.022210121154785156,0.24471378326416016,0.8069448471069336,0.023004531860351562,0.36655759811401367,0.8295469284057617,0.023237943649291992,0.23532915115356445,0.6294703483581543,0.031160593032836914,0.258711576461792,0.6713554859161377,0.027150392532348633,0.24692082405090332,0.7943694591522217
432,0.021999359130859375,0.2516443729400635,0.5912153720855713,0.027210474014282227,0.2315835952758789,0.7545630931854248,0.01826620101928711,0.2510244846343994,0.6055347919464111,0.018962860107421875,0.22926044464111328,0.600961446762085,0.020001649856567383,0.2250959873199463,0.6584365367889404,0.019006013870239258,0.22263360023498535,0.5880134105682373,0.018999576568603516,0.2158823013305664,0.5810492038726807,0.018002033233642578,0.2135179042816162,0.6088559627532959,0.017229318618774414,0.20958495140075684,0.5676448345184326,0.02029871940612793,0.20987772941589355,0.5555620193481445,0.01723456382751465,0.22678923606872559,0.57834792137146,0.026997089385986328,0.4061708450317383,1.1311869621276855,0.0250089168548584,0.2637906074523926,0.8160231113433838,0.022008895874023438,0.254105806350708,0.7194387912750244,0.0200045108795166,0.2337350845336914,0.5901646614074707,0.017105579376220703,0.23884153366088867,0.558300256729126,0.018039703369140625,0.21212434768676758,0.6050951480865479,0.01894998550415039,0.20998549461364746,0.5640554428100586,0.017995357513427734,0.22540593147277832,0.6023733615875244,0.023226499557495117,0.3175358772277832,0.9207022190093994,0.02300572395324707,0.259777307510376,0.9986307621002197,0.027007579803466797,0.31102585792541504,0.8498566150665283,0.022042512893676758,0.25760459899902344,0.6616160869598389,0.021004676818847656,0.22384142875671387,0.6111760139465332,0.0220034122467041,0.22415852546691895,0.7052080631256104
453,0.02003335952758789,0.24387359619140625,0.5933780670166016,0.021001338958740234,0.24957275390625,0.688906192779541,0.02203059196472168,0.2556493282318115,0.6629788875579834,0.028039216995239258,0.2711513042449951,0.6217079162597656,0.017000198364257812,0.2308332920074463,0.6289370059967041,0.04003262519836426,0.25271058082580566,0.6070220470428467,0.017000913619995117,0.22240042686462402,0.5899505615234375,0.02524423599243164,0.2502481937408447,0.5999128818511963,0.01700425148010254,0.21865367889404297,0.591109037399292,0.022207975387573242,0.2514960765838623,0.6991527080535889,0.018000364303588867,0.2273697853088379,0.5953624248504639,0.026999235153198242,0.3562164306640625,0.892852783203125,0.0370020866394043,0.319293737411499,0.9933769702911377,0.022350549697875977,0.2472074031829834,0.6344547271728516,0.018176555633544922,0.24244022369384766,0.6724450588226318,0.018326759338378906,0.22965502738952637,0.623802661895752,0.018001079559326172,0.22927308082580566,0.5770089626312256,0.01800370216369629,0.22800660133361816,0.5997321605682373,0.022960901260375977,0.24435997009277344,0.5864295959472656,0.025997161865234375,0.3340458869934082,0.9201409816741943,0.03015446662902832,0.2796177864074707,0.8139708042144775,0.029000520706176758,0.316680908203125,1.0116767883300781,0.018999099731445312,0.2911694049835205,0.7873823642730713,0.02021193504333496,0.2713816165924072,0.8546807765960693,0.03399372100830078,0.25950169563293457,0.7823078632354736
475,0.019963741302490234,0.2718970775604248,0.7596490383148193,0.020036935806274414,0.2490086555480957,0.8055951595306396,0.020995378494262695,0.24404287338256836,0.6890957355499268,0.018239974975585938,0.24074196815490723,0.6532964706420898,0.018004179000854492,0.25015711784362793,0.649432897567749,0.01703476905822754,0.24770855903625488,0.8110275268554688,0.020998477935791016,0.2508258819580078,0.6877002716064453,0.020282506942749023,0.2620542049407959,0.6324048042297363,0.017966508865356445,0.23580002784729004,0.7428140640258789,0.021985530853271484,0.24261116981506348,0.6069223880767822,0.020007610321044922,0.24182701110839844,0.726651668548584,0.031001806259155273,0.38583970069885254,0.8769190311431885,0.0279996395111084,0.41463136672973633,0.9105088710784912,0.01921701431274414,0.27773451805114746,0.768409252166748,0.019001245498657227,0.2435626983642578,0.6701738834381104,0.020967721939086914,0.2549467086791992,0.6423852443695068,0.017261505126953125,0.24300813674926758,0.6114375591278076,0.021004676818847656,0.2508559226989746,0.8057122230529785,0.018028974533081055,0.2471904754638672,0.6183943748474121,0.024182558059692383,0.2901740074157715,0.9659562110900879,0.0240023136138916,0.2920069694519043,0.8755698204040527,0.025160789489746094,0.3462235927581787,0.9494681358337402,0.023004531860351562,0.362201452255249,0.839597225189209,0.024768352508544922,0.3457202911376953,0.7211873531341553,0.0260009765625,0.28710484504699707,0.6712374687194824
497,0.02096247673034668,0.2690002918243408,0.7181313037872314,0.025962352752685547,0.34081172943115234,0.9427440166473389,0.02099895477294922,0.27126646041870117,0.7325189113616943,0.01701068878173828,0.28092145919799805,0.6868896484375,0.01804065704345703,0.24796009063720703,0.6404845714569092,0.02315998077392578,0.31502866744995117,0.7011752128601074,0.01903080940246582,0.2891829013824463,0.6479573249816895,0.01899552345275879,0.2656729221343994,0.6682214736938477,0.019997119903564453,0.2587573528289795,0.6758010387420654,0.01901984214782715,0.2614176273345947,0.6399617195129395,0.022008180618286133,0.27510952949523926,0.6456775665283203,0.022008180618286133,0.45424699783325195,0.9743950366973877,0.02400660514831543,0.3348097801208496,1.1392035484313965,0.022951841354370117,0.2840547561645508,0.9778342247009277,0.02014780044555664,0.3120894432067871,0.7816879749298096,0.017319679260253906,0.2574503421783447,0.6762344837188721,0.017994403839111328,0.2689783573150635,0.646080732345581,0.019009828567504883,0.27234649658203125,0.6985061168670654,0.019006967544555664,0.2622246742248535,0.66286301612854,0.022200584411621094,0.4321770668029785,0.9646978378295898,0.0370020866394043,0.41628098487854004,0.9602391719818115,0.024962663650512695,0.335024356842041,0.9846131801605225,0.02200150489807129,0.3624114990234375,0.8171772956848145,0.0209653377532959,0.32424497604370117,0.8487017154693604,0.021001815795898438,0.3340890407562256,0.8189148902893066
521,0.020956039428710938,0.29797792434692383,0.7424566745758057,0.022000789642333984,0.29135775566101074,0.7739484310150146,0.0179598331451416,0.29530787467956543,0.7877142429351807,0.018026351928710938,0.27997565269470215,0.7845067977905273,0.020034074783325195,0.3026888370513916,0.7214288711547852,0.01828145980834961,0.3125030994415283,0.7574167251586914,0.01900649070739746,0.2815685272216797,0.6734380722045898,0.017997264862060547,0.3150501251220703,0.7097041606903076,0.016998767852783203,0.2798655033111572,0.6832494735717773,0.018210649490356445,0.2857053279876709,0.7461938858032227,0.017999887466430664,0.27188777923583984,0.713796854019165,0.021999359130859375,0.5067505836486816,1.0489082336425781,0.023010730743408203,0.34636378288269043,1.0635383129119873,0.022999048233032227,0.33197832107543945,0.7930293083190918,0.019999980926513672,0.30315232276916504,0.7861263751983643,0.01825571060180664,0.27722597122192383,0.7341303825378418,0.017996788024902344,0.3065483570098877,0.676264762878418,0.017296552658081055,0.3019120693206787,0.7073237895965576,0.018964052200317383,0.28697800636291504,0.7342715263366699,0.0250091552734375,0.5239324569702148,1.0691323280334473,0.023004531860351562,0.5004768371582031,1.0003337860107422,0.03800249099731445,0.39362335205078125,1.0937073230743408,0.01800084114074707,0.3000924587249756,0.9454925060272217,0.02500772476196289,0.4331982135772705,0.8713760375976562,0.023995399475097656,0.3916964530944824,0.882392406463623
546,0.021003007888793945,0.34743809700012207,0.8131484985351562,0.021999120712280273,0.32701635360717773,0.7523040771484375,0.020999670028686523,0.3042120933532715,0.8255476951599121,0.018340349197387695,0.3010571002960205,0.7136995792388916,0.0210418701171875,0.31783294677734375,0.7179687023162842,0.018244028091430664,0.3103494644165039,0.723238468170166,0.018004179000854492,0.3123323917388916,0.7339811325073242,0.018999338150024414,0.30154919624328613,0.7261350154876709,0.020043373107910156,0.38640761375427246,0.7587535381317139,0.01836252212524414,0.2951641082763672,0.7074179649353027,0.01799774169921875,0.3097047805786133,0.7189192771911621,0.025998592376708984,0.423569917678833,1.1303629875183105,0.03236746788024902,0.4577367305755615,1.0626790523529053,0.018965482711791992,0.3534252643585205,0.8595952987670898,0.021036863327026367,0.32045435905456543,0.7604415416717529,0.018012523651123047,0.3178086280822754,0.7273073196411133,0.018332958221435547,0.307056188583374,0.9611086845397949,0.02296161651611328,0.32640647888183594,0.8558974266052246,0.01799631118774414,0.316631555557251,0.7357325553894043,0.028998851776123047,0.407822847366333,1.2531707286834717,0.025995969772338867,0.4416670799255371,1.13328218460083,0.02399611473083496,0.38613104820251465,1.0405442714691162,0.021999835968017578,0.3491170406341553,0.844428539276123,0.021997451782226562,0.32051658630371094,0.8461508750915527,0.019036054611206055,0.32631969451904297,0.9092895984649658
572,0.02004528045654297,0.3509485721588135,0.7897157669067383,0.018963098526000977,0.3201429843902588,0.8430962562561035,0.024964094161987305,0.3589165210723877,0.8483917713165283,0.018308162689208984,0.38657164573669434,0.8296236991882324,0.016994953155517578,0.3336198329925537,0.7589526176452637,0.017282485961914062,0.3191549777984619,0.7812299728393555,0.019228458404541016,0.3256106376647949,0.8260257244110107,0.01899552345275879,0.3431565761566162,0.7714548110961914,0.01799798011779785,0.3245675563812256,0.7404999732971191,0.0180051326751709,0.3393113613128662,0.7658431529998779,0.017185211181640625,0.36232900619506836,0.7971863746643066,0.024001598358154297,0.43477344512939453,1.1301167011260986,0.03500247001647949,0.42484545707702637,1.3263030052185059,0.01903986930847168,0.3561875820159912,0.8458085060119629,0.02099466323852539,0.38496851921081543,0.745640754699707,0.01800227165222168,0.3295097351074219,0.7966334819793701,0.02100348472595215,0.3341102600097656,0.7939014434814453,0.01900458335876465,0.3487279415130615,0.8127171993255615,0.018276214599609375,0.3613851070404053,0.7554612159729004,0.02900409698486328,0.43760013580322266,1.1298797130584717,0.02922344207763672,0.47738194465637207,1.059814453125,0.024161338806152344,0.403764009475708,1.2415494918823242,0.023215293884277344,0.3412775993347168,0.8850002288818359,0.024005651473999023,0.47728848457336426,1.003638505935669,0.019999027252197266,0.4553871154785156,0.9464876651763916
599,0.019265413284301758,0.35078001022338867,0.8752341270446777,0.0180056095123291,0.3915538787841797,0.8701877593994141,0.024994850158691406,0.4067239761352539,0.8694379329681396,0.01700282096862793,0.38318657875061035,0.9424989223480225,0.01803302764892578,0.39971327781677246,0.8072752952575684,0.017987966537475586,0.3834712505340576,0.8229279518127441,0.0229644775390625,0.3800058364868164,0.8671720027923584,0.020003557205200195,0.38362812995910645,0.8118875026702881,0.018207788467407227,0.34920406341552734,0.7924578189849854,0.01896357536315918,0.34542298316955566,0.8924305438995361,0.02099776268005371,0.363070011138916,0.7784063816070557,0.02416229248046875,0.4817183017730713,1.2528574466705322,0.029136180877685547,0.4943554401397705,1.1619939804077148,0.026237964630126953,0.3867201805114746,0.9849164485931396,0.019041061401367188,0.36830711364746094,0.816504955291748,0.018963098526000977,0.3584442138671875,0.7860808372497559,0.024099111557006836,0.3879818916320801,0.7814130783081055,0.01927638053894043,0.3528432846069336,0.8235831260681152,0.02028656005859375,0.3374192714691162,0.8464565277099609,0.02501082420349121,0.5607483386993408,1.303995132446289,0.024001121520996094,0.5014779567718506,1.2872631549835205,0.024998188018798828,0.4685475826263428,1.2265043258666992,0.020008087158203125,0.4854857921600342,1.0611193180084229,0.019240140914916992,0.3800666332244873,0.906949520111084,0.020096778869628906,0.37573719024658203,0.9219396114349365
628,0.02518630027770996,0.41924262046813965,0.8641033172607422,0.02001190185546875,0.37769198417663574,0.9464447498321533,0.021227359771728516,0.3862802982330322,0.8612339496612549,0.020003557205200195,0.4540712833404541,1.1671850681304932,0.017999887466430664,0.3801541328430176,0.8498954772949219,0.017373085021972656,0.37986040115356445,0.8415346145629883,0.017007112503051758,0.4049496650695801,1.0239653587341309,0.018090486526489258,0.3930940628051758,0.9521403312683105,0.017986297607421875,0.37539172172546387,0.8901095390319824,0.018999814987182617,0.3958103656768799,0.9177544116973877,0.019001245498657227,0.378009557723999,0.8864245414733887,0.024231433868408203,0.6662647724151611,1.2016465663909912,0.02799367904663086,0.4549736976623535,1.2544691562652588,0.023161649703979492,0.41798830032348633,0.9910290241241455,0.018999814987182617,0.3643224239349365,0.8742103576660156,0.02314615249633789,0.39472460746765137,0.8429582118988037,0.020328998565673828,0.37659764289855957,0.8402144908905029,0.019954204559326172,0.3956918716430664,0.8698053359985352,0.0189974308013916,0.39078450202941895,0.8319761753082275,0.026999235153198242,0.4877321720123291,1.3070437908172607,0.028322935104370117,0.4993715286254883,1.3014800548553467,0.025203704833984375,0.5622522830963135,1.2391366958618164,0.02316451072692871,0.4885127544403076,1.004723310470581,0.01999640464782715,0.4257059097290039,0.9386031627655029,0.021183490753173828,0.4862172603607178,1.0970098972320557
657,0.018271684646606445,0.4571201801300049,0.9080221652984619,0.021963119506835938,0.46785426139831543,1.372774600982666,0.02004218101501465,0.4237954616546631,1.004288673400879,0.02223682403564453,0.45191502571105957,1.176199197769165,0.01799941062927246,0.40572619438171387,1.0255639553070068,0.0189971923828125,0.4061882495880127,0.9262120723724365,0.021003007888793945,0.4691472053527832,0.9514122009277344,0.019000530242919922,0.4151334762573242,0.917327880859375,0.023009777069091797,0.42139720916748047,0.8858373165130615,0.018000125885009766,0.4358522891998291,1.0589051246643066,0.021005630493164062,0.4067721366882324,0.902442455291748,0.02516317367553711,0.653700590133667,1.294654130935669,0.023997783660888672,0.5460419654846191,1.268977403640747,0.02127695083618164,0.4487147331237793,1.0677576065063477,0.018997907638549805,0.42119789123535156,0.8634765148162842,0.020000696182250977,0.4339103698730469,0.8959667682647705,0.01819634437561035,0.40188097953796387,0.9140462875366211,0.01727008819580078,0.4248626232147217,0.9094624519348145,0.019997358322143555,0.4266703128814697,0.9314064979553223,0.04200410842895508,0.5804994106292725,1.447786808013916,0.024001598358154297,0.635678768157959,1.3648793697357178,0.034252166748046875,0.5838284492492676,1.3583078384399414,0.01999974250793457,0.4396984577178955,1.1806786060333252,0.022256135940551758,0.4981210231781006,1.1465253829956055,0.024001598358154297,0.48583412170410156,1.0328261852264404
689,0.017999887466430664,0.449815034866333,1.0508460998535156,0.030996084213256836,0.5485548973083496,1.3937268257141113,0.020282268524169922,0.4762749671936035,0.9790732860565186,0.01900339126586914,0.44974398612976074,0.9877810478210449,0.026998043060302734,0.5227386951446533,0.9603133201599121,0.019998550415039062,0.44338130950927734,0.9187502861022949,0.01795339584350586,0.48291850090026855,1.0392024517059326,0.018999814987182617,0.4388275146484375,0.9445350170135498,0.021003246307373047,0.46331191062927246,1.0272698402404785,0.021160364151000977,0.5005385875701904,1.0448436737060547,0.01904129981994629,0.4576704502105713,0.9020378589630127,0.02499699592590332,0.6313011646270752,1.540194034576416,0.023998737335205078,0.773259162902832,1.4345965385437012,0.027171611785888672,0.508411169052124,0.9992499351501465,0.018207073211669922,0.44643092155456543,0.9359562397003174,0.019001483917236328,0.441741943359375,0.9630413055419922,0.020001888275146484,0.44502735137939453,0.9607605934143066,0.019998788833618164,0.4391298294067383,0.9753036499023438,0.017145872116088867,0.4639296531677246,0.9455606937408447,0.026997804641723633,0.7324357032775879,1.4006741046905518,0.02499699592590332,0.5976426601409912,1.7996768951416016,0.03416299819946289,0.754732608795166,1.6488432884216309,0.035040855407714844,0.6006731986999512,1.1018240451812744,0.01918172836303711,0.5178594589233398,1.245478630065918,0.02299189567565918,0.5401782989501953,1.2461895942687988
722,0.022016286849975586,0.5282816886901855,1.029118299484253,0.025185823440551758,0.5299828052520752,0.9616005420684814,0.018997669219970703,0.46930456161499023,1.136772632598877,0.024034500122070312,0.5099012851715088,1.3222792148590088,0.018999099731445312,0.4725339412689209,1.0694530010223389,0.0180356502532959,0.4778327941894531,1.035341739654541,0.01900172233581543,0.5561645030975342,0.993776798248291,0.019304752349853516,0.5048007965087891,1.0555424690246582,0.01901865005493164,0.47121644020080566,1.0129239559173584,0.02000713348388672,0.4869394302368164,0.9970874786376953,0.019006967544555664,0.533400297164917,0.9704904556274414,0.027006149291992188,0.6940405368804932,1.3477654457092285,0.03300023078918457,0.7385528087615967,1.6348004341125488,0.019284725189208984,0.4795851707458496,0.9821476936340332,0.01995110511779785,0.531883955001831,0.9583244323730469,0.017270326614379883,0.47271132469177246,0.9733648300170898,0.01999664306640625,0.5155150890350342,1.151822805404663,0.02004718780517578,0.5048184394836426,0.9640719890594482,0.018010854721069336,0.48258137702941895,0.949061393737793,0.025994539260864258,0.5854415893554688,1.2860450744628906,0.02904200553894043,0.6742579936981201,1.4559571743011475,0.03021717071533203,0.8626933097839355,1.5599684715270996,0.02215266227722168,0.6120004653930664,1.191512107849121,0.028003931045532227,0.6388659477233887,1.129526138305664,0.026175975799560547,0.6405858993530273,1.240722894668579
756,0.021999597549438477,0.5291748046875,1.1849710941314697,0.019008874893188477,0.5275797843933105,1.254032850265503,0.021006345748901367,0.5356943607330322,1.1370134353637695,0.023012638092041016,0.6610722541809082,1.3191471099853516,0.018999814987182617,0.5391457080841064,1.2128727436065674,0.02100849151611328,0.5269043445587158,1.0602574348449707,0.018004655838012695,0.5239932537078857,1.0683112144470215,0.01900339126586914,0.5320136547088623,1.0207493305206299,0.019003868103027344,0.523205041885376,1.0684897899627686,0.021042823791503906,0.544978141784668,0.9942610263824463,0.0200042724609375,0.5070605278015137,1.001835823059082,0.024997472763061523,0.7031240463256836,1.6585054397583008,0.02499246597290039,0.7039525508880615,1.4588170051574707,0.0189971923828125,0.5837132930755615,1.0115249156951904,0.01904582977294922,0.5257441997528076,1.0116868019104004,0.017037153244018555,0.510530948638916,1.0829291343688965,0.02200150489807129,0.5183472633361816,1.0944526195526123,0.019002676010131836,0.5220837593078613,1.0608313083648682,0.018158674240112305,0.5359697341918945,1.4181699752807617,0.03919696807861328,0.8189585208892822,1.5181825160980225,0.03800320625305176,0.8561553955078125,1.5892627239227295,0.03300023078918457,0.8303830623626709,1.6065199375152588,0.025000572204589844,0.6949722766876221,1.3098349571228027,0.02918267250061035,0.6320974826812744,1.2720401287078857,0.02599787712097168,0.6415469646453857,1.2487716674804688
792,0.021013259887695312,0.5881946086883545,1.1763403415679932,0.04116535186767578,0.6426925659179688,1.1866686344146729,0.01800084114074707,0.5508871078491211,1.285712718963623,0.022998332977294922,0.6823422908782959,1.2395033836364746,0.01799798011779785,0.5650300979614258,1.1527338027954102,0.021036863327026367,0.6127958297729492,1.232149362564087,0.01800394058227539,0.5771546363830566,1.0881569385528564,0.02100348472595215,0.5642194747924805,1.1676139831542969,0.018990278244018555,0.5699131488800049,1.0696675777435303,0.017000913619995117,0.5622212886810303,1.0963311195373535,0.01913928985595703,0.6039583683013916,1.1064772605895996,0.023226499557495117,0.8248558044433594,1.704754114151001,0.027000904083251953,0.8504958152770996,1.6474533081054688,0.019995450973510742,0.5758883953094482,1.0780656337738037,0.019325733184814453,0.5883398056030273,1.0993173122406006,0.021193265914916992,0.6030311584472656,1.071049690246582,0.018999099731445312,0.5640287399291992,1.1094777584075928,0.019037485122680664,0.6093277931213379,1.0696072578430176,0.02003788948059082,0.7197239398956299,1.560743808746338,0.023998498916625977,0.7695186138153076,1.668266773223877,0.035140275955200195,0.9612565040588379,1.8849565982818604,0.03039717674255371,0.8450484275817871,1.6818232536315918,0.023149490356445312,0.7890126705169678,1.3425624370574951,0.02124643325805664,0.5981459617614746,1.2493603229522705,0.026270389556884766,0.6995060443878174,1.3700189590454102
830,0.018996000289916992,0.6433711051940918,1.225055456161499,0.019032001495361328,0.6501419544219971,1.2300152778625488,0.021967649459838867,0.6390380859375,1.17067551612854,0.021003007888793945,0.625288724899292,1.1884827613830566,0.019656658172607422,0.60957932472229,1.2658805847167969,0.01799941062927246,0.6343996524810791,1.1404306888580322,0.019000768661499023,0.6093845367431641,1.1465880870819092,0.020287752151489258,0.6379456520080566,1.1624157428741455,0.017998933792114258,0.6332628726959229,1.191986083984375,0.018999576568603516,0.6658504009246826,1.137108564376831,0.02024698257446289,0.6261820793151855,1.133479356765747,0.027106046676635742,0.9296863079071045,1.8381433486938477,0.023999929428100586,0.8199799060821533,1.6788108348846436,0.021823644638061523,0.6523571014404297,1.124732255935669,0.020998001098632812,0.595381498336792,1.174741506576538,0.020041465759277344,0.6076829433441162,1.2461438179016113,0.018000125885009766,0.645395040512085,1.1271333694458008,0.019222021102905273,0.6086478233337402,1.17872953414917,0.02524089813232422,0.7488603591918945,2.1498525142669678,0.03399920463562012,0.8334002494812012,1.742854118347168,0.03119635581970215,0.8058152198791504,1.9372642040252686,0.039168596267700195,0.9287114143371582,1.4870057106018066,0.022037267684936523,0.7897429466247559,1.4567980766296387,0.02699899673461914,0.7673447132110596,1.445138692855835,0.03199958801269531,0.7288684844970703,1.28218412399292
869,0.020000696182250977,0.7062606811523438,1.294407844543457,0.018000364303588867,0.6788172721862793,1.2627077102661133,0.019997119903564453,0.708585262298584,1.2203760147094727,0.01903390884399414,0.6888787746429443,1.2218635082244873,0.025319337844848633,0.894031286239624,1.1884095668792725,0.017998933792114258,0.6922798156738281,1.232064962387085,0.01898932456970215,0.6827487945556641,1.2301552295684814,0.01903820037841797,0.6841495037078857,1.255467414855957,0.018995285034179688,0.6739211082458496,1.3158459663391113,0.019966602325439453,0.6682412624359131,1.2238023281097412,0.025002717971801758,0.7049820423126221,1.1693816184997559,0.04318356513977051,0.98130202293396,2.1687333583831787,0.03220415115356445,0.9460678100585938,1.7480363845825195,0.01799607276916504,0.7174663543701172,1.2467033863067627,0.021007061004638672,0.7304160594940186,1.162968397140503,0.021146059036254883,0.6627531051635742,1.16652512550354,0.01799941062927246,0.6738665103912354,1.202284812927246,0.019173145294189453,0.6595132350921631,1.17732834815979,0.05939960479736328,1.08709716796875,1.2721049785614014,0.025211095809936523,0.987586259841919,1.7817461490631104,0.029337167739868164,0.925102710723877,1.8498399257659912,0.024005413055419922,0.9228515625,1.8057565689086914,0.02296757698059082,0.7024228572845459,1.351292610168457,0.026996850967407227,0.877610445022583,1.4912090301513672,0.019998550415039062,0.7415459156036377,1.5266649723052979
911,0.023003339767456055,0.7518472671508789,1.420691728591919,0.02722787857055664,0.7153255939483643,1.299854040145874,0.019274234771728516,0.7365667819976807,1.3441202640533447,0.022010087966918945,0.7744898796081543,1.3159916400909424,0.02203655242919922,0.7489147186279297,1.5116477012634277,0.019964218139648438,0.7424416542053223,1.2108478546142578,0.020216703414916992,0.7823607921600342,1.2496960163116455,0.019237279891967773,0.7275636196136475,1.3260133266448975,0.018999099731445312,0.7460947036743164,1.2334482669830322,0.019011735916137695,0.7372362613677979,1.2393476963043213,0.021999359130859375,0.7697131633758545,1.3860704898834229,0.04491853713989258,1.3232362270355225,1.9533665180206299,0.036202430725097656,0.9521336555480957,1.8398568630218506,0.019222021102905273,0.7339551448822021,1.284074068069458,0.019002914428710938,0.7217056751251221,1.3059003353118896,0.01899552345275879,0.7858321666717529,1.2212722301483154,0.017998218536376953,0.7202117443084717,1.2775230407714844,0.020015239715576172,0.7300758361816406,1.2819035053253174,0.020997047424316406,0.7920336723327637,4.017441272735596,0.02500152587890625,1.1908001899719238,2.0368785858154297,0.026003360748291016,0.9971153736114502,2.2026658058166504,0.03299546241760254,1.029559850692749,2.049825668334961,0.02797532081604004,0.9734876155853271,1.5850036144256592,0.022204875946044922,0.9420242309570312,1.5184595584869385,0.02799248695373535,0.7861921787261963,1.4585411548614502
954,0.023001670837402344,0.9876048564910889,1.7505230903625488,0.019000530242919922,1.0374369621276855,1.5015387535095215,0.020005226135253906,0.8548550605773926,1.3520066738128662,0.019005537033081055,0.8017446994781494,1.3850324153900146,0.022043228149414062,0.8079178333282471,1.412996530532837,0.018204212188720703,0.8337850570678711,1.3099274635314941,0.020028114318847656,0.7970199584960938,1.3900020122528076,0.020000457763671875,0.8000068664550781,1.3360495567321777,0.01898670196533203,0.8048121929168701,1.3563098907470703,0.020007848739624023,0.8184752464294434,1.293456792831421,0.02099752426147461,0.9717121124267578,2.215977430343628,0.025203943252563477,1.102626085281372,1.8495543003082275,0.036000728607177734,1.094003438949585,2.4155752658843994,0.019127607345581055,0.9089407920837402,1.3036062717437744,0.01900029182434082,0.7850806713104248,1.3193717002868652,0.020200729370117188,0.8320193290710449,1.475372314453125,0.025997400283813477,0.8772091865539551,1.3004188537597656,0.02001667022705078,0.7910945415496826,1.3612160682678223,0.025235891342163086,0.854541540145874,1.3807010650634766,0.03499341011047363,1.2815818786621094,1.840087652206421,0.03999924659729004,1.166536569595337,2.1814897060394287,0.03500223159790039,1.3043243885040283,2.4544565677642822,0.026009082794189453,0.9463846683502197,1.521418571472168,0.031179189682006836,0.9847402572631836,1.5817005634307861,0.033008575439453125,0.8538656234741211,1.6491878032684326
1000,0.025054454803466797,0.9789612293243408,1.565596342086792,0.021007776260375977,0.8524959087371826,1.557844877243042,0.01799941062927246,0.9059197902679443,1.4046556949615479,0.024998188018798828,0.9887247085571289,1.3610596656799316,0.020036697387695312,1.1067774295806885,1.6135358810424805,0.019008159637451172,0.897315502166748,1.4411098957061768,0.019172191619873047,0.9054145812988281,1.3940939903259277,0.018997907638549805,0.8999927043914795,1.424363613128662,0.019996166229248047,0.8649749755859375,1.4565956592559814,0.019015789031982422,0.8421421051025391,1.4570488929748535,0.029003143310546875,1.199779987335205,2.2939107418060303,0.030002117156982422,1.2889230251312256,2.116644859313965,0.028220176696777344,1.2780365943908691,2.0708141326904297,0.019007444381713867,0.8540952205657959,1.465458631515503,0.020011186599731445,0.8773531913757324,1.377727746963501,0.019210100173950195,0.9152822494506836,1.4809937477111816,0.019007205963134766,0.8839278221130371,1.395888090133667,0.0220029354095459,0.8583259582519531,1.3930447101593018,0.0180361270904541,0.8793957233428955,6.332050800323486,0.02319169044494629,1.13627028465271,2.046581745147705,0.02699732780456543,1.2199013233184814,2.1678388118743896,0.027994394302368164,1.277465581893921,2.17817759513855,0.021003246307373047,1.0816690921783447,1.7883963584899902,0.020993709564208984,0.9974217414855957,1.6164257526397705,0.02315998077392578,1.111161708831787,1.703601598739624
